length,kbytes,curlybrackets,roundbrackets,colon,semicolon,comma,other,lines,words,lower,upper,digit,relat,space,ext
8,16558,200,100.0,274.0,3.0,440.0,2484.0,448.0,1929.0,8738.0,343.0,409.0,7.0,3560.0,ipynb
20,42825,174,371.0,297.0,268.0,778.0,7524.0,761.0,2703.0,17069.0,1496.0,7322.0,410.0,7116.0,ipynb
25,72,4,0.0,4.0,0.0,3.0,17.0,6.0,10.0,34.0,0.0,2.0,0.0,8.0,ipynb
8,859,0,18.0,13.0,20.0,3.0,140.0,37.0,93.0,456.0,44.0,13.0,3.0,112.0,ipynb
14,9590,6,76.0,66.0,100.0,55.0,934.0,260.0,1033.0,4897.0,1030.0,168.0,496.0,1502.0,ipynb
19,12304,88,174.0,129.0,7.0,356.0,1875.0,381.0,1528.0,6356.0,213.0,160.0,3.0,2943.0,ipynb
19,197558,204,363.0,328.0,154.0,702.0,11236.0,846.0,3038.0,80589.0,69018.0,28499.0,20.0,6445.0,ipynb
7,37855,0,3052.0,351.0,1.0,3491.0,9227.0,1029.0,4315.0,9555.0,3942.0,500.0,232.0,6476.0,ipynb
15,17278,58,188.0,116.0,277.0,199.0,3215.0,206.0,659.0,7496.0,127.0,3848.0,33.0,1721.0,ipynb
23,5999,0,4.0,3.0,41.0,0.0,1345.0,130.0,379.0,1766.0,1837.0,102.0,564.0,337.0,ipynb
16,7885,132,76.0,155.0,0.0,222.0,1334.0,314.0,876.0,4190.0,96.0,72.0,0.0,1608.0,ipynb
14,330,0,0.0,1.0,0.0,0.0,54.0,7.0,32.0,221.0,3.0,0.0,18.0,33.0,ipynb
15,360950,274,344.0,353.0,12.0,2365.0,23006.0,2526.0,6824.0,131158.0,110258.0,58108.0,5080.0,29992.0,ipynb
49,4903939,824,3747.0,17269.0,223.0,106518.0,985934.0,107698.0,516756.0,1521685.0,115235.0,885472.0,851.0,1266181.0,ipynb
13,6763,8,26.0,3.0,47.0,0.0,1280.0,146.0,457.0,2003.0,1967.0,148.0,680.0,455.0,ipynb
27,8974,182,56.0,185.0,0.0,218.0,1562.0,348.0,968.0,4413.0,166.0,219.0,0.0,1973.0,ipynb
13,6124,0,8.0,3.0,53.0,0.0,1417.0,137.0,396.0,1709.0,1888.0,104.0,594.0,348.0,ipynb
33,18805,230,66.0,361.0,0.0,538.0,3725.0,486.0,1627.0,5991.0,462.0,674.0,0.0,6758.0,ipynb
24,1246320,614,385.0,663.0,71.0,1287.0,49962.0,1775.0,4319.0,498450.0,484759.0,195233.0,707.0,14189.0,ipynb
38,282219,412,112.0,6401.0,34.0,5320.0,37546.0,5555.0,25892.0,60329.0,20022.0,67295.0,7056.0,77692.0,ipynb
9,12823,8,60.0,11.0,163.0,22.0,2175.0,332.0,943.0,4335.0,3481.0,160.0,1206.0,877.0,ipynb
28,8965,116,86.0,151.0,0.0,300.0,1616.0,344.0,1170.0,4434.0,192.0,106.0,0.0,1964.0,ipynb
34,10273,0,32.0,9.0,54.0,20.0,2315.0,205.0,572.0,3681.0,2709.0,112.0,836.0,505.0,ipynb
21,394859,386,766.0,205.0,333.0,1407.0,20888.0,1335.0,4526.0,154347.0,144000.0,55336.0,655.0,16536.0,ipynb
32,6564,74,68.0,116.0,0.0,175.0,1077.0,164.0,505.0,3190.0,103.0,243.0,25.0,1493.0,ipynb
9,47233,86,227.0,103.0,4.0,426.0,3222.0,391.0,1028.0,18416.0,14320.0,6955.0,289.0,3185.0,ipynb
23,15286,0,54.0,17.0,107.0,16.0,2992.0,299.0,1016.0,6255.0,3551.0,138.0,1272.0,884.0,ipynb
37,3542,0,104.0,27.0,0.0,57.0,515.0,111.0,233.0,2156.0,16.0,285.0,0.0,382.0,ipynb
18,8293,0,2.0,3.0,118.0,3.0,1711.0,195.0,570.0,2664.0,2387.0,116.0,806.0,483.0,ipynb
14,7802,0,10.0,9.0,54.0,2.0,1825.0,181.0,512.0,2238.0,2365.0,112.0,744.0,443.0,ipynb
30,34190,936,74.0,965.0,0.0,1201.0,7461.0,911.0,2757.0,13658.0,71.0,3250.0,2.0,6572.0,ipynb
9,76965,86,4271.0,456.0,73.0,3495.0,12957.0,2868.0,5171.0,34676.0,8473.0,639.0,227.0,8744.0,ipynb
12,19918,470,142.0,487.0,1.0,589.0,3649.0,731.0,2030.0,8752.0,313.0,455.0,1.0,5059.0,ipynb
12,692663,290,1250.0,940.0,343.0,2949.0,35522.0,2049.0,7389.0,267957.0,245029.0,115588.0,1788.0,21007.0,ipynb
22,169911,252,391.0,395.0,3.0,1096.0,12849.0,1083.0,3992.0,66926.0,53637.0,23561.0,18.0,10783.0,ipynb
17,9324,124,110.0,156.0,0.0,270.0,1509.0,341.0,1093.0,4774.0,152.0,128.0,0.0,2101.0,ipynb
14,45973,0,4268.0,658.0,5.0,3965.0,10895.0,1159.0,5049.0,11434.0,4191.0,1155.0,226.0,8018.0,ipynb
6,601,0,0.0,5.0,5.0,10.0,74.0,35.0,107.0,300.0,31.0,46.0,0.0,95.0,ipynb
26,15658,140,169.0,199.0,42.0,407.0,2919.0,530.0,1848.0,6782.0,283.0,1101.0,84.0,3532.0,ipynb
25,393399,156,136.0,210.0,24.0,2032.0,22878.0,2123.0,5721.0,136677.0,135177.0,58423.0,5122.0,32564.0,ipynb
9,412,4,2.0,9.0,0.0,9.0,51.0,18.0,36.0,96.0,13.0,125.0,0.0,86.0,ipynb
15,5755,0,6.0,3.0,42.0,3.0,1274.0,131.0,393.0,1590.0,1820.0,102.0,564.0,351.0,ipynb
11,42331,270,465.0,355.0,7.0,1048.0,7358.0,1048.0,3375.0,18061.0,4090.0,3024.0,17.0,7636.0,ipynb
8,18072,184,281.0,239.0,3.0,532.0,3079.0,607.0,2010.0,9249.0,375.0,181.0,2.0,3947.0,ipynb
26,16274,192,128.0,243.0,3.0,418.0,2458.0,461.0,1955.0,8792.0,321.0,274.0,3.0,3442.0,ipynb
22,80956,248,491.0,3158.0,353.0,6247.0,11328.0,1113.0,7708.0,25247.0,466.0,18565.0,39.0,14814.0,ipynb
25,59234,94,205.0,141.0,4.0,504.0,4542.0,367.0,1370.0,24700.0,17978.0,8164.0,4.0,2898.0,ipynb
10,25079,192,200.0,254.0,4.0,673.0,4193.0,692.0,2075.0,9914.0,3172.0,1817.0,7.0,4653.0,ipynb
10,40973,152,30.0,300.0,28.0,1066.0,7244.0,943.0,2746.0,9494.0,1618.0,3054.0,2277.0,15710.0,ipynb
10,24805,194,206.0,254.0,4.0,666.0,4051.0,678.0,2048.0,9861.0,3191.0,1784.0,7.0,4587.0,ipynb
32,23085,166,164.0,220.0,51.0,557.0,3756.0,593.0,1652.0,9363.0,2837.0,2310.0,35.0,3626.0,ipynb
21,500597,10925,38761.0,4182.0,12319.0,14351.0,76052.0,855.0,9563.0,291070.0,26732.0,15778.0,1663.0,8764.0,ipynb
22,18480,230,62.0,368.0,0.0,511.0,3626.0,461.0,1563.0,6070.0,478.0,703.0,0.0,6432.0,ipynb
17,8086,0,58.0,8.0,66.0,25.0,979.0,210.0,904.0,4195.0,1101.0,118.0,480.0,1056.0,ipynb
8,0,0,0.0,0.0,0.0,0.0,0.0,0.0,0.0,0.0,0.0,0.0,0.0,0.0,ipynb
14,4436,52,20.0,77.0,0.0,132.0,668.0,112.0,296.0,1565.0,79.0,195.0,0.0,1648.0,ipynb
19,15877,152,130.0,197.0,34.0,359.0,2447.0,441.0,1844.0,8442.0,297.0,598.0,8.0,3213.0,ipynb
32,169444,492,208.0,601.0,160.0,1527.0,13290.0,1919.0,4517.0,65175.0,45377.0,22618.0,1503.0,18493.0,ipynb
29,176,12,0.0,10.0,0.0,5.0,38.0,1.0,1.0,84.0,4.0,23.0,0.0,0.0,ipynb
11,8796,44,124.0,64.0,4.0,319.0,1557.0,281.0,731.0,2921.0,77.0,791.0,284.0,2611.0,ipynb
17,342157,517,1396.0,561.0,15.0,39131.0,64852.0,5646.0,33452.0,99115.0,20353.0,54329.0,746.0,61142.0,ipynb
28,65331,222,398.0,352.0,3.0,958.0,8560.0,953.0,3730.0,25536.0,12722.0,6866.0,8.0,9706.0,ipynb
28,13054,172,108.0,214.0,0.0,339.0,1971.0,427.0,1540.0,6808.0,313.0,206.0,0.0,2923.0,ipynb
22,19551,238,82.0,370.0,0.0,571.0,3913.0,505.0,1679.0,6284.0,473.0,651.0,0.0,6969.0,ipynb
15,61426,1808,82.0,1897.0,0.0,2519.0,11931.0,1243.0,5160.0,16043.0,3136.0,8200.0,0.0,15810.0,ipynb
18,152444,194,250.0,243.0,12.0,1074.0,9723.0,1045.0,3379.0,59729.0,48868.0,21410.0,1070.0,9871.0,ipynb
26,30265,194,418.0,392.0,4.0,642.0,4344.0,653.0,3082.0,17456.0,551.0,917.0,120.0,5227.0,ipynb
24,16305,84,114.0,107.0,0.0,235.0,1968.0,270.0,709.0,6857.0,3912.0,1356.0,4.0,1668.0,ipynb
12,49154,72,770.0,376.0,4.0,1371.0,9149.0,1160.0,4563.0,14328.0,1091.0,5939.0,1135.0,14919.0,ipynb
9,706224,128,212.0,168.0,8.0,938.0,27134.0,983.0,2570.0,281995.0,271414.0,111484.0,1816.0,10927.0,ipynb
10,10577,4,89.0,36.0,23.0,50.0,697.0,236.0,1295.0,5956.0,238.0,210.0,424.0,2614.0,ipynb
14,10782750,554,571.0,8693.0,108.0,72879.0,677262.0,73133.0,200562.0,3307489.0,3198545.0,1579470.0,209167.0,1728012.0,ipynb
8,8273,68,34.0,87.0,6.0,204.0,1033.0,221.0,1139.0,4902.0,159.0,98.0,0.0,1682.0,ipynb
14,6677,0,12.0,9.0,52.0,2.0,1560.0,163.0,464.0,1752.0,2114.0,100.0,664.0,412.0,ipynb
20,22607,104,224.0,136.0,3.0,452.0,4447.0,495.0,1211.0,8291.0,2397.0,3252.0,2.0,3299.0,ipynb
8,8074,50,124.0,68.0,95.0,53.0,1157.0,6.0,438.0,4820.0,493.0,479.0,295.0,435.0,ipynb
19,5756,0,6.0,3.0,42.0,3.0,1253.0,131.0,397.0,1632.0,1804.0,102.0,556.0,355.0,ipynb
13,6673,0,12.0,9.0,52.0,2.0,1560.0,163.0,464.0,1746.0,2116.0,100.0,664.0,412.0,ipynb
37,2611,28,36.0,44.0,0.0,80.0,476.0,98.0,278.0,1312.0,47.0,25.0,0.0,563.0,ipynb
15,1039,0,18.0,18.0,14.0,38.0,203.0,38.0,148.0,448.0,1.0,76.0,0.0,185.0,ipynb
8,28594,120,98.0,152.0,13.0,746.0,4638.0,826.0,2562.0,8511.0,298.0,3660.0,1350.0,9008.0,ipynb
23,3170,28,28.0,46.0,47.0,58.0,674.0,83.0,186.0,1187.0,16.0,616.0,5.0,465.0,ipynb
13,13785,0,66.0,19.0,132.0,15.0,2609.0,337.0,1028.0,5093.0,3448.0,146.0,1376.0,881.0,ipynb
14,15705,0,57.0,8.0,15.0,52.0,929.0,428.0,2311.0,10804.0,879.0,143.0,706.0,2112.0,ipynb
15,4915,14,180.0,59.0,58.0,104.0,541.0,120.0,708.0,2247.0,188.0,138.0,13.0,1373.0,ipynb
12,100182,310,388.0,415.0,14.0,2234.0,14521.0,1904.0,5066.0,31371.0,15209.0,12767.0,926.0,22027.0,ipynb
23,36392,102,150.0,607.0,0.0,597.0,8990.0,605.0,3205.0,11369.0,2615.0,6072.0,3.0,5887.0,ipynb
11,116363,0,20796.0,4742.0,3.0,8266.0,23324.0,1188.0,9317.0,28884.0,4506.0,12224.0,243.0,12188.0,ipynb
15,9815,64,86.0,117.0,11.0,292.0,1675.0,289.0,1024.0,5040.0,232.0,200.0,1.0,2097.0,ipynb
10,7405,10,24.0,21.0,4.0,45.0,525.0,155.0,997.0,4604.0,174.0,173.0,388.0,1282.0,ipynb
35,24846,90,102.0,136.0,1.0,328.0,2118.0,330.0,1323.0,11135.0,5778.0,2702.0,4.0,2452.0,ipynb
9,3315,0,148.0,28.0,30.0,76.0,395.0,91.0,363.0,1629.0,181.0,102.0,12.0,623.0,ipynb
14,18849,0,114.0,139.0,176.0,114.0,1645.0,419.0,2418.0,12084.0,631.0,401.0,1126.0,2001.0,ipynb
22,107365,156,316.0,279.0,18.0,824.0,13411.0,793.0,2941.0,38742.0,20562.0,24786.0,528.0,7743.0,ipynb
13,68611,59,1258.0,533.0,0.0,522.0,7860.0,1822.0,7386.0,39548.0,2053.0,502.0,16.0,16260.0,ipynb
18,310626,578,1009.0,724.0,120.0,8664.0,48493.0,7577.0,21290.0,73050.0,1302.0,43338.0,13610.0,119738.0,ipynb
10,962,30,8.0,43.0,0.0,33.0,106.0,35.0,55.0,434.0,11.0,104.0,0.0,193.0,ipynb
19,15571,30,106.0,98.0,345.0,135.0,2793.0,130.0,545.0,5661.0,212.0,4623.0,14.0,1554.0,ipynb
14,20455,258,223.0,30.0,192.0,290.0,1569.0,481.0,2068.0,11546.0,547.0,173.0,1049.0,4097.0,ipynb
12,16696,8,36.0,28.0,107.0,16.0,3538.0,503.0,1128.0,6381.0,2960.0,434.0,1572.0,1294.0,ipynb
14,20490,273,236.0,25.0,193.0,296.0,1601.0,482.0,2091.0,11566.0,531.0,192.0,1025.0,4070.0,ipynb
11,10395,80,83.0,115.0,6.0,278.0,1470.0,308.0,1294.0,5469.0,166.0,167.0,5.0,2556.0,ipynb
29,152444,194,250.0,243.0,12.0,1074.0,9723.0,1045.0,3379.0,59729.0,48868.0,21410.0,1070.0,9871.0,ipynb
10,11184,136,100.0,169.0,4.0,290.0,1927.0,396.0,1308.0,5705.0,392.0,134.0,2.0,2325.0,ipynb
25,72,4,0.0,4.0,0.0,3.0,17.0,6.0,10.0,34.0,0.0,2.0,0.0,8.0,ipynb
38,8815,60,82.0,107.0,7.0,245.0,1445.0,248.0,930.0,4685.0,196.0,179.0,4.0,1805.0,ipynb
37,58948,318,623.0,516.0,561.0,867.0,9338.0,828.0,4161.0,28173.0,1039.0,8661.0,199.0,8653.0,ipynb
15,30373,194,418.0,393.0,4.0,644.0,4351.0,654.0,3099.0,17532.0,553.0,917.0,120.0,5247.0,ipynb
9,226071,172,282.0,206.0,4.0,860.0,11361.0,887.0,2579.0,87352.0,83215.0,32408.0,608.0,9603.0,ipynb
17,4109,0,0.0,3.0,26.0,0.0,949.0,93.0,277.0,990.0,1373.0,77.0,422.0,269.0,ipynb
8,11507,0,0.0,2.0,1.0,25.0,1987.0,196.0,919.0,5342.0,823.0,1219.0,1188.0,725.0,ipynb
24,16305,84,114.0,107.0,0.0,235.0,1968.0,270.0,709.0,6857.0,3912.0,1356.0,4.0,1668.0,ipynb
18,39991,68,186.0,117.0,25.0,359.0,3090.0,339.0,1149.0,17450.0,10814.0,5278.0,19.0,2585.0,ipynb
11,8781,162,62.0,173.0,0.0,206.0,1485.0,334.0,957.0,4323.0,167.0,202.0,0.0,2001.0,ipynb
9,10381,194,24.0,233.0,1.0,267.0,1634.0,451.0,1360.0,5379.0,201.0,193.0,1.0,2254.0,ipynb
22,18695,222,64.0,355.0,0.0,544.0,3697.0,490.0,1621.0,5928.0,446.0,643.0,0.0,6796.0,ipynb
9,398,4,2.0,9.0,0.0,9.0,50.0,18.0,36.0,96.0,13.0,112.0,0.0,86.0,ipynb
28,12959,160,110.0,205.0,1.0,351.0,2005.0,432.0,1504.0,6630.0,301.0,236.0,0.0,2960.0,ipynb
11,80921,12,3192.0,323.0,96.0,3104.0,17408.0,1960.0,6419.0,29692.0,4722.0,402.0,245.0,19765.0,ipynb
11,255793,330,610.0,690.0,201.0,2930.0,22026.0,2450.0,7647.0,94752.0,65750.0,36101.0,3298.0,29105.0,ipynb
28,12719,176,102.0,211.0,2.0,343.0,1987.0,424.0,1481.0,6468.0,290.0,221.0,0.0,2919.0,ipynb
12,8706,0,70.0,55.0,89.0,63.0,694.0,86.0,978.0,5877.0,270.0,185.0,422.0,896.0,ipynb
29,951060,226,445.0,580.0,384.0,1298.0,37658.0,1235.0,4032.0,384377.0,363128.0,148939.0,1003.0,13022.0,ipynb
11,0,0,0.0,0.0,0.0,0.0,0.0,0.0,0.0,0.0,0.0,0.0,0.0,0.0,ipynb
17,30460,0,82.0,202.0,214.0,78.0,3965.0,855.0,3285.0,17514.0,1884.0,396.0,2800.0,2472.0,ipynb
49,9146,68,82.0,115.0,7.0,254.0,1516.0,271.0,961.0,4786.0,202.0,183.0,4.0,1929.0,ipynb
27,2048,32,26.0,42.0,0.0,77.0,386.0,92.0,238.0,956.0,30.0,62.0,0.0,437.0,ipynb
12,1817,0,0.0,0.0,4.0,1.0,249.0,74.0,163.0,879.0,29.0,15.0,130.0,436.0,ipynb
20,28409,190,120.0,219.0,12.0,765.0,4583.0,913.0,2374.0,8811.0,137.0,2331.0,1228.0,10013.0,ipynb
17,4075,56,62.0,72.0,4.0,191.0,817.0,184.0,489.0,1463.0,32.0,130.0,61.0,1187.0,ipynb
28,12821,130,134.0,180.0,1.0,388.0,2294.0,473.0,1284.0,6137.0,123.0,385.0,158.0,2891.0,ipynb
22,10453,54,260.0,82.0,2.0,385.0,2087.0,321.0,912.0,4827.0,158.0,372.0,1.0,2225.0,ipynb
30,177,12,0.0,10.0,0.0,5.0,38.0,1.0,1.0,80.0,4.0,28.0,0.0,0.0,ipynb
6,339,0,23.0,2.0,6.0,6.0,95.0,16.0,52.0,147.0,0.0,16.0,3.0,41.0,ipynb
26,9058,68,76.0,114.0,7.0,262.0,1527.0,270.0,954.0,4696.0,202.0,196.0,2.0,1908.0,ipynb
33,19489,234,82.0,372.0,0.0,567.0,3889.0,509.0,1678.0,6316.0,472.0,668.0,0.0,6889.0,ipynb
36,24878,94,104.0,141.0,0.0,331.0,2122.0,337.0,1300.0,11141.0,5763.0,2697.0,4.0,2481.0,ipynb
15,62475,2012,86.0,2025.0,0.0,2486.0,12076.0,1223.0,5243.0,16658.0,3240.0,8346.0,0.0,15546.0,ipynb
28,12066,158,104.0,197.0,1.0,332.0,1882.0,414.0,1416.0,6184.0,252.0,206.0,0.0,2750.0,ipynb
14,1064,14,14.0,23.0,0.0,42.0,205.0,45.0,112.0,536.0,9.0,28.0,0.0,193.0,ipynb
28,21142,66,322.0,130.0,213.0,431.0,3559.0,365.0,1304.0,8799.0,187.0,3066.0,13.0,4356.0,ipynb
15,2848,34,26.0,53.0,1.0,84.0,547.0,107.0,288.0,1195.0,68.0,48.0,0.0,792.0,ipynb
15,66008,1848,86.0,1955.0,0.0,2690.0,12718.0,1348.0,5447.0,17542.0,3257.0,8382.0,0.0,17530.0,ipynb
22,35882,528,343.0,701.0,7.0,1004.0,6192.0,1569.0,4495.0,17525.0,768.0,735.0,55.0,8024.0,ipynb
31,11679,136,95.0,166.0,54.0,226.0,1995.0,340.0,1095.0,5499.0,229.0,896.0,6.0,2377.0,ipynb
31,21366,204,76.0,282.0,14.0,633.0,3698.0,827.0,1875.0,7025.0,288.0,769.0,860.0,7517.0,ipynb
30,23755,186,162.0,240.0,4.0,603.0,3672.0,626.0,1934.0,9574.0,3241.0,1825.0,6.0,4242.0,ipynb
19,738679,202,250.0,264.0,19.0,3867.0,44565.0,3860.0,10661.0,262812.0,229557.0,116834.0,8727.0,71582.0,ipynb
9,5260,8,18.0,3.0,38.0,0.0,1012.0,142.0,362.0,1432.0,1647.0,96.0,502.0,362.0,ipynb
15,9311,72,92.0,121.0,11.0,261.0,1545.0,280.0,979.0,4839.0,200.0,187.0,2.0,1981.0,ipynb
33,14002,130,128.0,184.0,0.0,347.0,2168.0,452.0,1579.0,7513.0,423.0,186.0,1.0,2922.0,ipynb
19,31299,240,230.0,374.0,418.0,1186.0,6064.0,1108.0,3125.0,10408.0,1111.0,3264.0,6.0,7998.0,ipynb
15,23239,578,102.0,664.0,8.0,744.0,4602.0,608.0,2255.0,9090.0,630.0,2255.0,4.0,4562.0,ipynb
15,66173,244,438.0,335.0,5.0,804.0,6780.0,933.0,2773.0,27744.0,16006.0,7998.0,11.0,5808.0,ipynb
18,9566,58,176.0,85.0,37.0,299.0,1854.0,269.0,793.0,4260.0,139.0,704.0,6.0,1948.0,ipynb
9,202,0,18.0,1.0,0.0,3.0,30.0,15.0,30.0,124.0,1.0,3.0,0.0,22.0,ipynb
11,61637,466,716.0,612.0,710.0,1304.0,11745.0,1447.0,4427.0,25624.0,827.0,9900.0,53.0,9680.0,ipynb
34,1827821,634,907.0,1784.0,16.0,4543.0,88243.0,3916.0,14177.0,743223.0,651806.0,286891.0,3290.0,46484.0,ipynb
21,11306,144,94.0,184.0,0.0,262.0,1841.0,400.0,1218.0,6046.0,317.0,175.0,0.0,2243.0,ipynb
23,20879,250,150.0,266.0,1.0,474.0,2478.0,593.0,2834.0,12350.0,586.0,261.0,8.0,4055.0,ipynb
19,9267,0,69.0,80.0,113.0,59.0,810.0,66.0,969.0,6234.0,286.0,177.0,468.0,907.0,ipynb
27,22365,166,129.0,195.0,3.0,591.0,4463.0,624.0,2029.0,7801.0,405.0,3061.0,16.0,5535.0,ipynb
15,868,24,0.0,33.0,0.0,26.0,187.0,53.0,87.0,390.0,4.0,11.0,0.0,193.0,ipynb
16,7885,132,76.0,155.0,0.0,222.0,1334.0,314.0,876.0,4190.0,96.0,72.0,0.0,1608.0,ipynb
14,8590,0,52.0,56.0,54.0,60.0,1497.0,177.0,969.0,5337.0,123.0,191.0,372.0,848.0,ipynb
21,492339,296,486.0,497.0,19.0,683.0,89136.0,768.0,3396.0,137065.0,53193.0,204332.0,141.0,6491.0,ipynb
10,2046,0,58.0,15.0,0.0,28.0,195.0,70.0,209.0,1141.0,64.0,9.0,0.0,536.0,ipynb
16,16488,0,78.0,67.0,218.0,86.0,1342.0,387.0,1939.0,9819.0,378.0,312.0,806.0,2995.0,ipynb
12,394247,186,226.0,243.0,4.0,515.0,16052.0,614.0,1472.0,159425.0,150179.0,62482.0,384.0,4551.0,ipynb
9,5466,58,50.0,86.0,0.0,232.0,1158.0,215.0,651.0,1766.0,78.0,493.0,0.0,1545.0,ipynb
25,72,4,0.0,4.0,0.0,3.0,17.0,6.0,10.0,34.0,0.0,2.0,0.0,8.0,ipynb
17,12133,154,110.0,195.0,1.0,340.0,1907.0,432.0,1415.0,6132.0,252.0,216.0,0.0,2826.0,ipynb
22,46830,168,202.0,198.0,4.0,360.0,3876.0,528.0,1348.0,19534.0,13640.0,5919.0,8.0,2921.0,ipynb
20,26131,28,24.0,44.0,0.0,54.0,1229.0,84.0,195.0,10729.0,9632.0,3871.0,3.0,517.0,ipynb
12,2529,4,50.0,29.0,34.0,17.0,400.0,79.0,319.0,1237.0,32.0,110.0,1.0,537.0,ipynb
19,10292,70,92.0,120.0,7.0,263.0,2080.0,279.0,974.0,5267.0,188.0,185.0,4.0,2016.0,ipynb
21,14145,56,312.0,127.0,0.0,453.0,2221.0,383.0,1237.0,5853.0,136.0,162.0,4.0,4821.0,ipynb
28,12821,130,134.0,180.0,1.0,388.0,2294.0,473.0,1284.0,6137.0,123.0,385.0,158.0,2891.0,ipynb
25,13261,108,140.0,162.0,3.0,437.0,2732.0,433.0,1358.0,5675.0,239.0,928.0,6.0,2831.0,ipynb
19,15073,72,232.0,154.0,0.0,461.0,2525.0,353.0,1133.0,8393.0,385.0,309.0,9.0,2533.0,ipynb
30,45586,246,480.0,313.0,415.0,2777.0,9774.0,1598.0,4518.0,10153.0,1081.0,7300.0,7.0,13040.0,ipynb
26,17562,140,188.0,236.0,2.0,405.0,2535.0,470.0,2117.0,9971.0,339.0,151.0,4.0,3591.0,ipynb
29,54235,72,156.0,98.0,3.0,327.0,3523.0,345.0,880.0,21980.0,17774.0,7811.0,4.0,2487.0,ipynb
8,320834,190,210.0,228.0,4.0,536.0,13671.0,678.0,1765.0,127356.0,122540.0,49872.0,244.0,5983.0,ipynb
31,24837,164,205.0,198.0,40.0,595.0,4997.0,652.0,2146.0,9407.0,457.0,3157.0,22.0,5595.0,ipynb
11,9718,26,43.0,13.0,88.0,61.0,808.0,238.0,1003.0,5403.0,188.0,97.0,609.0,2144.0,ipynb
9,55353,77,230.0,65.0,105.0,234.0,5174.0,1121.0,6494.0,36935.0,2649.0,546.0,2960.0,6378.0,ipynb
28,16112,216,110.0,304.0,0.0,444.0,2434.0,462.0,1880.0,8480.0,405.0,263.0,0.0,3456.0,ipynb
26,17298,70,82.0,163.0,9.0,400.0,2060.0,381.0,2061.0,9997.0,606.0,326.0,2.0,3583.0,ipynb
29,94871,114,1070.0,429.0,7.0,2350.0,16757.0,2089.0,8656.0,33638.0,2699.0,4893.0,1412.0,31502.0,ipynb
26,65130,1844,84.0,1939.0,0.0,2659.0,12472.0,1328.0,5396.0,17086.0,3333.0,8291.0,0.0,17422.0,ipynb
13,2745,44,32.0,74.0,0.0,81.0,564.0,115.0,249.0,1274.0,45.0,87.0,0.0,544.0,ipynb
17,6709,0,6.0,9.0,52.0,2.0,1611.0,161.0,446.0,1748.0,2128.0,100.0,660.0,393.0,ipynb
16,17882,142,152.0,204.0,0.0,371.0,2338.0,504.0,1495.0,8177.0,2412.0,1009.0,2.0,3075.0,ipynb
14,9590,6,76.0,66.0,100.0,55.0,934.0,260.0,1033.0,4897.0,1030.0,168.0,496.0,1502.0,ipynb
27,19349,190,148.0,255.0,3.0,474.0,2717.0,500.0,2404.0,10718.0,445.0,303.0,4.0,4092.0,ipynb
24,643991,254,284.0,331.0,23.0,2509.0,34348.0,2433.0,7209.0,245304.0,218414.0,101607.0,4287.0,36630.0,ipynb
29,176,12,0.0,10.0,0.0,5.0,38.0,1.0,1.0,80.0,4.0,27.0,0.0,0.0,ipynb
24,7839,0,14.0,3.0,75.0,22.0,1668.0,160.0,476.0,2631.0,2111.0,106.0,680.0,529.0,ipynb
15,19150,66,54.0,91.0,7.0,399.0,4553.0,456.0,1202.0,4754.0,201.0,2976.0,558.0,5491.0,ipynb
33,19551,238,82.0,370.0,0.0,571.0,3913.0,505.0,1679.0,6284.0,473.0,651.0,0.0,6969.0,ipynb
26,33017,298,60.0,597.0,0.0,965.0,6546.0,729.0,2599.0,9131.0,877.0,1247.0,0.0,13296.0,ipynb
15,17253,74,80.0,163.0,11.0,417.0,2095.0,399.0,2053.0,9753.0,637.0,330.0,1.0,3692.0,ipynb
7,434,0,8.0,2.0,6.0,2.0,89.0,12.0,67.0,233.0,4.0,20.0,2.0,57.0,ipynb
27,22365,166,129.0,195.0,3.0,591.0,4463.0,624.0,2029.0,7801.0,405.0,3061.0,16.0,5535.0,ipynb
22,26156,90,88.0,137.0,1.0,333.0,2178.0,336.0,1372.0,11686.0,6230.0,2819.0,4.0,2590.0,ipynb
25,24642,90,112.0,141.0,1.0,323.0,2051.0,327.0,1286.0,11069.0,5770.0,2699.0,4.0,2382.0,ipynb
25,16445,102,104.0,122.0,13.0,532.0,2957.0,560.0,1462.0,4350.0,138.0,1607.0,816.0,5704.0,ipynb
15,9074,144,82.0,172.0,0.0,235.0,1537.0,316.0,983.0,4405.0,184.0,282.0,8.0,2025.0,ipynb
21,72754,118,711.0,339.0,151.0,1525.0,7594.0,615.0,2954.0,29384.0,9687.0,17122.0,20.0,6103.0,ipynb
13,9196,0,63.0,89.0,127.0,43.0,893.0,96.0,971.0,6110.0,228.0,172.0,482.0,895.0,ipynb
28,13196,104,138.0,159.0,6.0,455.0,2721.0,422.0,1333.0,5715.0,234.0,912.0,6.0,2746.0,ipynb
32,11306,144,94.0,184.0,0.0,262.0,1841.0,400.0,1218.0,6046.0,317.0,175.0,0.0,2243.0,ipynb
30,177,12,0.0,10.0,0.0,5.0,38.0,1.0,1.0,83.0,4.0,25.0,0.0,0.0,ipynb
12,344,0,12.0,0.0,0.0,0.0,50.0,16.0,34.0,207.0,30.0,0.0,12.0,18.0,ipynb
19,45054,240,474.0,303.0,397.0,2769.0,9576.0,1583.0,4542.0,10138.0,1092.0,7078.0,2.0,12985.0,ipynb
8,4648,0,166.0,28.0,0.0,67.0,548.0,134.0,450.0,2537.0,48.0,25.0,1.0,1094.0,ipynb
8,15429,194,112.0,241.0,3.0,388.0,2311.0,423.0,1863.0,8276.0,336.0,328.0,3.0,3237.0,ipynb
32,8588,86,76.0,161.0,0.0,241.0,1352.0,177.0,567.0,3923.0,71.0,1395.0,0.0,1283.0,ipynb
11,88,0,0.0,1.0,1.0,0.0,18.0,1.0,4.0,46.0,16.0,1.0,2.0,3.0,ipynb
16,6723,0,12.0,9.0,52.0,2.0,1561.0,163.0,464.0,1790.0,2116.0,100.0,668.0,413.0,ipynb
41,31223,152,348.0,293.0,4.0,862.0,4706.0,818.0,3001.0,14302.0,609.0,1418.0,524.0,8005.0,ipynb
13,20632,10,44.0,43.0,124.0,48.0,3972.0,727.0,1910.0,8190.0,3360.0,688.0,1774.0,1833.0,ipynb
47,2824720,900,1107.0,2438.0,220.0,5893.0,134745.0,5561.0,20000.0,1141131.0,1020821.0,444345.0,6469.0,66651.0,ipynb
19,24926,90,118.0,136.0,0.0,334.0,2131.0,339.0,1274.0,11176.0,5767.0,2696.0,4.0,2474.0,ipynb
34,383363,238,186.0,319.0,0.0,584.0,15190.0,752.0,1828.0,155946.0,146795.0,58899.0,57.0,5149.0,ipynb
25,27667,174,261.0,222.0,236.0,491.0,5327.0,596.0,1662.0,10447.0,1386.0,5112.0,21.0,3990.0,ipynb
19,15446,182,120.0,241.0,3.0,381.0,2280.0,423.0,1906.0,8373.0,383.0,260.0,3.0,3220.0,ipynb
16,5773,0,6.0,3.0,42.0,3.0,1274.0,131.0,393.0,1608.0,1820.0,102.0,564.0,351.0,ipynb
8,209781,196,136.0,257.0,7.0,585.0,9271.0,714.0,2245.0,84397.0,78767.0,30025.0,393.0,5747.0,ipynb
26,68161,156,400.0,227.0,5.0,657.0,5878.0,689.0,2164.0,28303.0,19596.0,8454.0,15.0,4470.0,ipynb
29,16690,158,141.0,221.0,1.0,454.0,3045.0,578.0,1984.0,7446.0,326.0,998.0,81.0,3819.0,ipynb
42,48135,1756,86.0,1690.0,0.0,1745.0,11767.0,1152.0,4358.0,16183.0,3493.0,1640.0,1.0,9774.0,ipynb
18,221547,224,250.0,284.0,7.0,935.0,12478.0,973.0,2996.0,89259.0,78176.0,31723.0,398.0,7813.0,ipynb
18,303435,252,514.0,453.0,83.0,733.0,62383.0,714.0,3409.0,81062.0,14452.0,136770.0,156.0,6577.0,ipynb
11,113965,0,20700.0,4722.0,0.0,8181.0,23108.0,1128.0,9104.0,27979.0,4277.0,12212.0,243.0,11416.0,ipynb
8,16875,134,106.0,174.0,0.0,284.0,2075.0,409.0,1431.0,8565.0,2170.0,833.0,2.0,2532.0,ipynb
32,95133,122,1118.0,427.0,307.0,2176.0,15690.0,1869.0,7840.0,34298.0,2282.0,7527.0,1427.0,29759.0,ipynb
8,15446,182,120.0,241.0,3.0,381.0,2280.0,423.0,1906.0,8373.0,383.0,260.0,3.0,3220.0,ipynb
28,37441,102,200.0,146.0,213.0,404.0,4392.0,432.0,1593.0,14764.0,6655.0,6955.0,16.0,3594.0,ipynb
23,391853,234,204.0,306.0,0.0,582.0,15394.0,741.0,1773.0,159632.0,149700.0,60674.0,57.0,5070.0,ipynb
27,6417,62,66.0,92.0,0.0,189.0,1183.0,205.0,549.0,3067.0,117.0,159.0,4.0,1478.0,ipynb
9,35319,48,272.0,85.0,0.0,477.0,3237.0,369.0,1097.0,14884.0,9250.0,3835.0,4.0,3227.0,ipynb
30,72,4,0.0,4.0,0.0,3.0,17.0,6.0,10.0,34.0,0.0,2.0,0.0,8.0,ipynb
33,17833,222,62.0,356.0,0.0,481.0,3480.0,428.0,1522.0,6002.0,475.0,665.0,0.0,6090.0,ipynb
15,13219,104,152.0,154.0,2.0,446.0,2661.0,431.0,1408.0,5703.0,179.0,894.0,6.0,2918.0,ipynb
26,1411274,350,276.0,651.0,12.0,1323.0,53182.0,1631.0,4876.0,563466.0,555707.0,217154.0,2334.0,16819.0,ipynb
31,29026,122,46.0,136.0,4.0,615.0,3704.0,648.0,1667.0,8786.0,4236.0,2522.0,1130.0,7725.0,ipynb
13,235,0,12.0,1.0,0.0,23.0,63.0,19.0,25.0,96.0,1.0,24.0,0.0,15.0,ipynb
8,197558,204,363.0,328.0,154.0,702.0,11236.0,846.0,3038.0,80589.0,69018.0,28499.0,20.0,6445.0,ipynb
10,14209,0,68.0,78.0,11.0,27.0,1639.0,388.0,1221.0,7909.0,542.0,406.0,1106.0,2035.0,ipynb
10,1301,2,18.0,4.0,4.0,3.0,168.0,36.0,131.0,659.0,178.0,26.0,50.0,153.0,ipynb
43,36617,104,140.0,137.0,3.0,379.0,3622.0,430.0,1477.0,14615.0,8589.0,5817.0,2.0,3209.0,ipynb
24,198543,86,96.0,1228.0,4.0,1926.0,15460.0,1969.0,15610.0,55212.0,11801.0,77718.0,1775.0,33237.0,ipynb
19,26499,112,86.0,141.0,13.0,680.0,4206.0,764.0,2318.0,7605.0,261.0,3549.0,1344.0,8502.0,ipynb
24,390468,472,432.0,582.0,57.0,23154.0,54273.0,1586.0,26755.0,87494.0,28518.0,159644.0,890.0,34952.0,ipynb
9,9230,8,34.0,9.0,94.0,8.0,1772.0,254.0,622.0,2531.0,2908.0,148.0,916.0,548.0,ipynb
22,289053,384,496.0,446.0,136.0,2315.0,20045.0,2436.0,6548.0,102883.0,89922.0,36573.0,4126.0,31727.0,ipynb
13,6115,66,82.0,93.0,0.0,178.0,1330.0,244.0,554.0,2083.0,34.0,710.0,0.0,1539.0,ipynb
38,4903939,824,3747.0,17269.0,223.0,106518.0,985934.0,107698.0,516756.0,1521685.0,115235.0,885472.0,851.0,1266181.0,ipynb
23,294289,180,248.0,345.0,5.0,1146.0,15598.0,1251.0,3176.0,111624.0,101406.0,53233.0,570.0,9934.0,ipynb
12,1547991,750,2202.0,625.0,1024.0,583.0,67956.0,3042.0,7760.0,592585.0,642875.0,220540.0,1591.0,14218.0,ipynb
6,1699,0,44.0,13.0,23.0,51.0,275.0,76.0,229.0,511.0,140.0,85.0,2.0,480.0,ipynb
12,20879,250,150.0,266.0,1.0,474.0,2478.0,593.0,2834.0,12350.0,586.0,261.0,8.0,4055.0,ipynb
26,9311,72,92.0,121.0,11.0,261.0,1545.0,280.0,979.0,4839.0,200.0,187.0,2.0,1981.0,ipynb
13,6141,8,22.0,3.0,38.0,2.0,1190.0,143.0,422.0,1688.0,1865.0,144.0,616.0,422.0,ipynb
17,65331,222,398.0,352.0,3.0,958.0,8560.0,953.0,3730.0,25536.0,12722.0,6866.0,8.0,9706.0,ipynb
12,13772,2,33.0,43.0,49.0,44.0,2449.0,310.0,1236.0,6046.0,1985.0,483.0,850.0,1479.0,ipynb
6,44267,0,3448.0,415.0,3.0,3969.0,10463.0,1199.0,5032.0,11392.0,4598.0,564.0,245.0,7972.0,ipynb
18,22258,174,120.0,226.0,7.0,598.0,3538.0,596.0,1706.0,8719.0,3082.0,2161.0,28.0,3605.0,ipynb
25,72,4,0.0,4.0,0.0,3.0,17.0,6.0,10.0,34.0,0.0,2.0,0.0,8.0,ipynb
16,30776,12,378.0,137.0,1.0,211.0,3120.0,813.0,3065.0,18890.0,512.0,198.0,15.0,7302.0,ipynb
31,9593,142,84.0,190.0,0.0,331.0,1864.0,418.0,1202.0,4423.0,160.0,143.0,0.0,2256.0,ipynb
12,11987,72,56.0,259.0,1.0,364.0,1869.0,111.0,790.0,7139.0,332.0,772.0,28.0,1095.0,ipynb
33,1398583,196,720.0,544.0,4.0,1476.0,59572.0,1304.0,4073.0,509789.0,588741.0,221925.0,1150.0,14466.0,ipynb
20,39930,92,96.0,117.0,8.0,440.0,3220.0,479.0,1336.0,15447.0,10686.0,4640.0,549.0,4635.0,ipynb
21,15319,190,124.0,237.0,3.0,379.0,2260.0,421.0,1848.0,8393.0,327.0,266.0,3.0,3137.0,ipynb
10,3247,0,24.0,18.0,47.0,22.0,444.0,29.0,203.0,1923.0,92.0,132.0,344.0,174.0,ipynb
25,25414,88,90.0,138.0,0.0,352.0,2172.0,345.0,1320.0,11389.0,5775.0,2687.0,5.0,2718.0,ipynb
15,68861,238,1005.0,548.0,596.0,2317.0,12228.0,1469.0,4767.0,27116.0,2382.0,9568.0,27.0,12836.0,ipynb
15,8614,66,82.0,105.0,7.0,238.0,1429.0,246.0,906.0,4605.0,201.0,177.0,1.0,1703.0,ipynb
34,285421,236,466.0,285.0,0.0,936.0,13548.0,828.0,2317.0,117779.0,106113.0,40557.0,26.0,5475.0,ipynb
18,7396,88,102.0,108.0,0.0,207.0,1281.0,257.0,841.0,3579.0,125.0,318.0,0.0,1588.0,ipynb
29,322121,66,38.0,10090.0,1.0,5138.0,20861.0,5211.0,50355.0,66619.0,14990.0,113242.0,0.0,91076.0,ipynb
22,17833,222,62.0,356.0,0.0,481.0,3480.0,428.0,1522.0,6002.0,475.0,665.0,0.0,6090.0,ipynb
37,45661,932,248.0,1042.0,23.0,1450.0,8612.0,1476.0,4990.0,19604.0,676.0,907.0,44.0,12123.0,ipynb
18,24071,180,214.0,239.0,4.0,656.0,3709.0,625.0,1992.0,9939.0,3103.0,1819.0,8.0,4200.0,ipynb
19,33315,134,140.0,179.0,13.0,870.0,4994.0,918.0,3111.0,11609.0,441.0,3642.0,1344.0,9949.0,ipynb
15,58834,1872,82.0,1801.0,0.0,2330.0,11278.0,1167.0,4850.0,15390.0,2875.0,7755.0,0.0,15451.0,ipynb
28,84976,200,443.0,272.0,275.0,2016.0,12176.0,1610.0,4393.0,26028.0,9946.0,11767.0,1797.0,20056.0,ipynb
11,9718,26,43.0,13.0,88.0,61.0,808.0,238.0,1003.0,5403.0,188.0,97.0,609.0,2144.0,ipynb
14,247,4,12.0,0.0,6.0,0.0,41.0,18.0,22.0,141.0,7.0,6.0,0.0,12.0,java
10,1301,2,18.0,4.0,4.0,3.0,168.0,36.0,131.0,659.0,178.0,26.0,50.0,153.0,java
18,2364,18,54.0,4.0,33.0,8.0,372.0,90.0,310.0,1328.0,219.0,48.0,4.0,276.0,java
9,9396,88,352.0,0.0,148.0,26.0,1558.0,372.0,1274.0,5296.0,582.0,191.0,16.0,1139.0,java
13,1172,0,0.0,1.0,0.0,0.0,220.0,44.0,83.0,712.0,7.0,10.0,98.0,124.0,java
15,2812,22,62.0,0.0,53.0,15.0,355.0,149.0,420.0,1360.0,57.0,21.0,4.0,714.0,java
20,10793,52,330.0,11.0,139.0,31.0,1282.0,282.0,1055.0,6143.0,515.0,110.0,92.0,2088.0,java
11,1939,48,2.0,85.0,0.0,80.0,342.0,6.0,79.0,1161.0,52.0,96.0,0.0,73.0,java
13,334,0,0.0,0.0,2.0,0.0,53.0,12.0,42.0,194.0,1.0,2.0,26.0,56.0,java
21,4921,46,182.0,2.0,78.0,45.0,799.0,158.0,326.0,2802.0,313.0,71.0,0.0,425.0,java
13,1465,24,22.0,2.0,23.0,6.0,204.0,47.0,154.0,944.0,64.0,1.0,0.0,175.0,java
14,11737,104,340.0,83.0,306.0,57.0,1343.0,309.0,822.0,5969.0,2110.0,123.0,0.0,993.0,java
26,8002,90,240.0,5.0,85.0,37.0,1393.0,325.0,1017.0,4708.0,452.0,86.0,23.0,883.0,java
18,12666,78,330.0,15.0,158.0,86.0,2067.0,540.0,1717.0,7387.0,746.0,147.0,50.0,1602.0,java
35,14781,88,594.0,8.0,219.0,116.0,2327.0,504.0,1534.0,7598.0,1618.0,425.0,22.0,1262.0,java
18,2321,2,0.0,52.0,0.0,59.0,437.0,72.0,125.0,1388.0,51.0,53.0,0.0,279.0,java
17,9442,44,282.0,0.0,116.0,127.0,1685.0,293.0,1007.0,4699.0,1234.0,412.0,1.0,842.0,java
9,177,0,2.0,3.0,7.0,0.0,11.0,8.0,15.0,136.0,0.0,0.0,3.0,8.0,java
20,6767,4,10.0,3.0,49.0,0.0,1189.0,174.0,487.0,2026.0,2083.0,119.0,662.0,449.0,java
18,3192,40,102.0,0.0,26.0,19.0,265.0,108.0,314.0,2083.0,273.0,19.0,0.0,257.0,java
8,315,0,20.0,2.0,0.0,6.0,49.0,19.0,30.0,192.0,1.0,15.0,0.0,30.0,java
14,116,4,2.0,1.0,0.0,0.0,21.0,12.0,18.0,62.0,7.0,0.0,0.0,13.0,java
13,2283,0,88.0,9.0,0.0,12.0,220.0,85.0,138.0,1246.0,143.0,18.0,0.0,547.0,java
18,11824,70,310.0,14.0,144.0,80.0,1895.0,501.0,1615.0,6928.0,674.0,133.0,50.0,1526.0,java
25,7373,78,230.0,6.0,99.0,48.0,1171.0,309.0,854.0,4478.0,501.0,67.0,20.0,675.0,java
15,4266,40,78.0,3.0,10.0,19.0,708.0,196.0,530.0,2544.0,328.0,41.0,0.0,495.0,java
16,7389,60,150.0,3.0,55.0,46.0,1072.0,298.0,930.0,4372.0,551.0,57.0,1.0,1022.0,java
29,2105,6,16.0,3.0,6.0,8.0,324.0,66.0,275.0,1196.0,191.0,45.0,0.0,310.0,java
25,2336,10,30.0,3.0,16.0,8.0,273.0,86.0,303.0,1439.0,198.0,41.0,0.0,318.0,java
14,307,12,10.0,0.0,4.0,5.0,56.0,17.0,40.0,165.0,9.0,16.0,0.0,30.0,java
14,895,4,36.0,7.0,15.0,14.0,134.0,33.0,106.0,449.0,24.0,47.0,0.0,132.0,java
14,3053,18,61.0,17.0,27.0,5.0,498.0,94.0,367.0,1687.0,136.0,10.0,32.0,469.0,java
16,2267,0,32.0,17.0,0.0,18.0,285.0,68.0,272.0,1365.0,69.0,101.0,6.0,374.0,java
16,1937,22,26.0,2.0,26.0,9.0,299.0,74.0,256.0,1084.0,187.0,13.0,0.0,195.0,java
11,807,12,26.0,1.0,11.0,1.0,164.0,41.0,105.0,430.0,28.0,0.0,0.0,93.0,java
21,446,12,10.0,0.0,9.0,1.0,79.0,33.0,49.0,260.0,19.0,0.0,0.0,23.0,java
22,3473,0,80.0,14.0,0.0,68.0,345.0,88.0,272.0,2015.0,33.0,13.0,1.0,816.0,java
23,8785,60,280.0,6.0,111.0,26.0,1903.0,260.0,645.0,4526.0,1094.0,19.0,2.0,498.0,java
18,16213,0,54.0,3.0,223.0,7.0,3219.0,323.0,994.0,6345.0,3999.0,176.0,1342.0,845.0,java
15,13152,4,132.0,48.0,3.0,147.0,1001.0,318.0,1632.0,7586.0,1205.0,57.0,0.0,2969.0,java
10,23138,236,609.0,16.0,239.0,108.0,4309.0,895.0,2561.0,12839.0,2530.0,197.0,15.0,2040.0,java
9,18125,8,118.0,20.0,262.0,16.0,3048.0,518.0,1309.0,6112.0,4819.0,206.0,1922.0,1082.0,java
26,1926,4,16.0,0.0,6.0,9.0,263.0,54.0,245.0,1086.0,250.0,33.0,0.0,259.0,java
10,5074,0,34.0,61.0,50.0,29.0,424.0,116.0,596.0,3501.0,102.0,144.0,214.0,515.0,java
16,13180,0,411.0,107.0,0.0,328.0,1625.0,369.0,1122.0,7460.0,218.0,203.0,20.0,2808.0,java
11,3229,30,44.0,1.0,31.0,6.0,274.0,118.0,459.0,1751.0,64.0,11.0,0.0,900.0,java
27,4263,26,88.0,2.0,39.0,19.0,591.0,151.0,468.0,2422.0,585.0,31.0,0.0,460.0,java
30,556,4,8.0,0.0,2.0,1.0,57.0,20.0,84.0,368.0,33.0,6.0,0.0,77.0,java
10,17681,6,22.0,17.0,6.0,34.0,2482.0,349.0,1297.0,10272.0,201.0,250.0,1439.0,2952.0,java
24,1406,2,8.0,0.0,5.0,8.0,153.0,42.0,207.0,848.0,153.0,23.0,0.0,206.0,java
15,4347,28,96.0,1.0,32.0,19.0,561.0,118.0,550.0,2610.0,265.0,3.0,0.0,614.0,java
19,8970,0,18.0,3.0,92.0,3.0,1886.0,196.0,576.0,3026.0,2527.0,132.0,804.0,479.0,java
14,365,4,4.0,3.0,1.0,0.0,179.0,22.0,37.0,80.0,38.0,3.0,0.0,31.0,java
10,836,2,22.0,2.0,6.0,15.0,89.0,21.0,123.0,342.0,15.0,31.0,0.0,291.0,java
15,666,18,22.0,0.0,14.0,2.0,78.0,35.0,75.0,399.0,53.0,0.0,0.0,45.0,java
23,4161,0,0.0,3.0,26.0,0.0,949.0,93.0,277.0,1056.0,1359.0,77.0,422.0,269.0,java
18,7552,34,100.0,14.0,27.0,33.0,854.0,263.0,1160.0,4694.0,416.0,41.0,30.0,1309.0,java
11,1969,0,8.0,9.0,17.0,9.0,440.0,78.0,183.0,969.0,35.0,75.0,118.0,211.0,java
14,3236,44,160.0,6.0,61.0,7.0,597.0,152.0,459.0,1783.0,151.0,61.0,6.0,360.0,java
26,6111,40,92.0,0.0,41.0,17.0,870.0,212.0,644.0,3914.0,477.0,32.0,2.0,626.0,java
19,2713,20,52.0,3.0,22.0,9.0,344.0,106.0,360.0,1536.0,320.0,43.0,1.0,363.0,java
13,278,0,18.0,2.0,6.0,6.0,48.0,9.0,38.0,138.0,0.0,16.0,3.0,32.0,java
15,1317,6,34.0,1.0,23.0,7.0,145.0,38.0,150.0,794.0,68.0,27.0,3.0,209.0,java
15,1591,14,64.0,0.0,20.0,13.0,201.0,47.0,156.0,807.0,285.0,12.0,0.0,128.0,java
33,14676,170,402.0,6.0,149.0,64.0,2335.0,532.0,1496.0,8747.0,1015.0,75.0,6.0,1176.0,java
18,5407,40,194.0,3.0,71.0,27.0,1092.0,222.0,605.0,2841.0,539.0,78.0,1.0,521.0,java
14,710,4,20.0,5.0,8.0,1.0,86.0,28.0,73.0,393.0,16.0,2.0,1.0,146.0,java
19,1443,16,54.0,0.0,28.0,2.0,233.0,60.0,106.0,864.0,103.0,5.0,0.0,78.0,java
11,1034,10,34.0,3.0,18.0,0.0,175.0,41.0,105.0,645.0,48.0,12.0,0.0,89.0,java
20,325,8,6.0,0.0,7.0,1.0,57.0,25.0,35.0,193.0,12.0,0.0,0.0,17.0,java
20,33816,268,1531.0,8.0,477.0,485.0,4990.0,1039.0,2029.0,18147.0,3753.0,351.0,34.0,2734.0,java
8,3520,0,92.0,18.0,0.0,21.0,364.0,105.0,230.0,1572.0,10.0,46.0,1.0,1396.0,java
20,20148,191,635.0,17.0,214.0,128.0,5126.0,676.0,2008.0,10002.0,2083.0,115.0,4.0,1633.0,java
26,1437,2,4.0,3.0,7.0,11.0,96.0,43.0,217.0,877.0,169.0,41.0,0.0,227.0,java
13,13149,0,32.0,20.0,87.0,21.0,2691.0,315.0,912.0,4676.0,3325.0,128.0,1236.0,933.0,java
20,1950,4,76.0,6.0,27.0,0.0,243.0,69.0,127.0,1214.0,116.0,12.0,2.0,250.0,java
18,597,12,12.0,0.0,7.0,3.0,36.0,25.0,53.0,384.0,29.0,0.0,8.0,106.0,java
14,899,22,30.0,0.0,23.0,8.0,151.0,57.0,109.0,478.0,58.0,8.0,0.0,64.0,java
22,5383,94,262.0,0.0,57.0,3.0,572.0,209.0,406.0,3634.0,299.0,0.0,0.0,253.0,java
9,988,0,20.0,4.0,0.0,16.0,290.0,45.0,117.0,556.0,14.0,6.0,0.0,82.0,java
14,10452,0,46.0,13.0,91.0,9.0,2213.0,257.0,708.0,3313.0,3000.0,140.0,1054.0,573.0,java
12,27736,12,182.0,87.0,182.0,179.0,3474.0,694.0,2792.0,13116.0,3027.0,539.0,1558.0,4686.0,java
15,1589,14,42.0,4.0,20.0,18.0,235.0,66.0,142.0,946.0,114.0,1.0,0.0,129.0,java
33,14676,170,402.0,6.0,149.0,64.0,2335.0,532.0,1496.0,8747.0,1015.0,75.0,6.0,1176.0,java
14,806,8,40.0,0.0,11.0,0.0,158.0,36.0,99.0,457.0,17.0,8.0,0.0,107.0,java
16,5042,40,176.0,3.0,26.0,25.0,780.0,213.0,496.0,3092.0,384.0,47.0,0.0,469.0,java
33,8533,0,16.0,9.0,77.0,15.0,1764.0,228.0,557.0,2735.0,2471.0,120.0,782.0,544.0,java
15,11336,96,338.0,2.0,177.0,93.0,1083.0,444.0,1159.0,5915.0,368.0,95.0,10.0,2715.0,java
19,1162,14,42.0,0.0,21.0,1.0,182.0,48.0,83.0,686.0,67.0,5.0,0.0,96.0,java
11,13118,102,506.0,1.0,218.0,81.0,2206.0,475.0,1178.0,6809.0,1481.0,336.0,4.0,899.0,java
26,3930,38,66.0,3.0,30.0,18.0,538.0,134.0,449.0,2278.0,457.0,97.0,0.0,405.0,java
12,8705,0,70.0,55.0,89.0,63.0,694.0,86.0,978.0,5877.0,270.0,185.0,422.0,896.0,java
10,540,8,10.0,0.0,11.0,1.0,123.0,35.0,65.0,279.0,22.0,6.0,1.0,44.0,java
14,15425,0,86.0,89.0,158.0,94.0,1321.0,347.0,1740.0,8854.0,786.0,227.0,638.0,2825.0,java
8,12528,0,68.0,52.0,43.0,62.0,1266.0,304.0,1403.0,6861.0,348.0,187.0,468.0,2869.0,java
10,535,12,24.0,0.0,12.0,5.0,101.0,35.0,72.0,274.0,12.0,9.0,0.0,51.0,java
16,7290,0,52.0,82.0,89.0,97.0,740.0,109.0,751.0,4473.0,322.0,258.0,426.0,643.0,java
25,22787,162,524.0,31.0,177.0,101.0,3746.0,780.0,2593.0,12735.0,2682.0,135.0,50.0,2444.0,java
28,1364,10,18.0,0.0,9.0,13.0,80.0,45.0,189.0,844.0,193.0,19.0,0.0,178.0,java
31,1379,10,18.0,0.0,9.0,13.0,80.0,45.0,189.0,854.0,198.0,19.0,0.0,178.0,java
11,948,6,20.0,0.0,12.0,1.0,81.0,33.0,141.0,520.0,5.0,7.0,2.0,261.0,java
10,1065,12,40.0,0.0,14.0,4.0,164.0,34.0,151.0,652.0,12.0,9.0,4.0,120.0,java
12,2982,12,84.0,2.0,46.0,16.0,209.0,87.0,285.0,1606.0,121.0,29.0,0.0,771.0,java
13,1513,0,24.0,3.0,4.0,14.0,280.0,36.0,186.0,801.0,162.0,18.0,0.0,207.0,java
6,1496,0,66.0,4.0,11.0,74.0,267.0,31.0,186.0,672.0,6.0,90.0,8.0,268.0,java
24,2111,6,14.0,4.0,9.0,17.0,211.0,74.0,297.0,1259.0,184.0,42.0,0.0,365.0,java
21,3153,18,46.0,3.0,17.0,17.0,345.0,94.0,376.0,1923.0,318.0,55.0,0.0,411.0,java
14,895,4,36.0,7.0,15.0,14.0,134.0,33.0,106.0,449.0,24.0,47.0,0.0,132.0,java
17,340,2,6.0,0.0,3.0,0.0,30.0,13.0,51.0,256.0,1.0,0.0,0.0,42.0,java
20,386,4,10.0,0.0,7.0,1.0,36.0,16.0,36.0,260.0,27.0,0.0,0.0,25.0,java
12,278,0,8.0,2.0,0.0,2.0,29.0,9.0,32.0,164.0,2.0,3.0,0.0,59.0,java
26,1437,2,4.0,3.0,7.0,11.0,96.0,43.0,217.0,877.0,169.0,41.0,0.0,227.0,java
13,14215,62,670.0,48.0,198.0,96.0,2460.0,417.0,1223.0,7663.0,1614.0,422.0,9.0,973.0,java
11,348,4,2.0,2.0,3.0,1.0,58.0,16.0,54.0,165.0,5.0,17.0,4.0,87.0,java
24,3116,6,94.0,1.0,51.0,1.0,442.0,90.0,170.0,1935.0,181.0,35.0,9.0,361.0,java
16,12930,148,588.0,5.0,182.0,16.0,2094.0,440.0,1265.0,7995.0,823.0,17.0,7.0,1055.0,java
12,560,8,14.0,0.0,7.0,5.0,71.0,25.0,83.0,382.0,3.0,3.0,1.0,66.0,java
14,137,4,6.0,0.0,2.0,0.0,21.0,9.0,18.0,78.0,5.0,0.0,0.0,12.0,java
15,537,18,28.0,0.0,16.0,0.0,83.0,25.0,51.0,324.0,4.0,5.0,3.0,31.0,java
19,3969,14,44.0,6.0,22.0,10.0,285.0,115.0,486.0,2385.0,236.0,27.0,12.0,928.0,java
12,15593,182,813.0,4.0,242.0,120.0,2205.0,496.0,1252.0,8506.0,990.0,81.0,31.0,1923.0,java
10,18975,0,158.0,71.0,151.0,96.0,1563.0,491.0,2214.0,11270.0,423.0,265.0,1037.0,3450.0,java
16,5042,40,176.0,3.0,26.0,25.0,780.0,213.0,496.0,3092.0,384.0,47.0,0.0,469.0,java
12,1912,14,64.0,1.0,28.0,7.0,204.0,60.0,150.0,974.0,80.0,12.0,0.0,468.0,java
14,149,4,2.0,0.0,4.0,1.0,21.0,9.0,22.0,99.0,4.0,0.0,0.0,14.0,java
17,6481,40,124.0,4.0,52.0,72.0,1117.0,237.0,808.0,3624.0,338.0,314.0,12.0,784.0,java
17,106852,0,14007.0,2901.0,1.0,8730.0,23823.0,1083.0,12186.0,24410.0,7391.0,7646.0,35.0,16825.0,java
22,59130,488,1693.0,15.0,610.0,355.0,9504.0,2181.0,5399.0,36187.0,5514.0,328.0,13.0,4423.0,java
13,2698,40,42.0,1.0,36.0,9.0,405.0,112.0,369.0,1504.0,208.0,27.0,3.0,311.0,java
14,15640,0,102.0,18.0,103.0,35.0,3145.0,324.0,985.0,6123.0,3737.0,150.0,1376.0,851.0,java
21,456,4,10.0,0.0,9.0,1.0,43.0,21.0,40.0,305.0,36.0,0.0,0.0,27.0,java
5,37471,0,3038.0,351.0,0.0,3483.0,9119.0,1006.0,4278.0,9463.0,3912.0,499.0,232.0,6369.0,java
9,50935,1134,0.0,2835.0,0.0,2268.0,11151.0,567.0,675.0,22050.0,3690.0,7699.0,0.0,108.0,java
19,568,20,20.0,0.0,10.0,1.0,64.0,24.0,41.0,377.0,19.0,6.0,2.0,25.0,java
9,14428,456,102.0,837.0,0.0,456.0,2242.0,476.0,830.0,7002.0,418.0,1214.0,0.0,1701.0,java
20,3408,20,70.0,3.0,30.0,18.0,647.0,129.0,424.0,1719.0,427.0,60.0,1.0,413.0,java
13,1975,12,48.0,3.0,22.0,2.0,394.0,63.0,213.0,1103.0,36.0,1.0,1.0,291.0,java
9,1104,4,48.0,7.0,0.0,18.0,150.0,40.0,89.0,633.0,69.0,30.0,0.0,145.0,java
24,16669,106,480.0,3.0,228.0,46.0,3144.0,442.0,1189.0,8531.0,1412.0,53.0,23.0,2201.0,java
18,1180,18,38.0,0.0,15.0,0.0,202.0,54.0,156.0,700.0,27.0,4.0,5.0,117.0,java
17,1516,18,42.0,0.0,20.0,2.0,116.0,47.0,155.0,873.0,78.0,2.0,1.0,364.0,java
14,815,12,38.0,1.0,20.0,0.0,172.0,43.0,89.0,434.0,23.0,9.0,2.0,61.0,java
15,29918,8,320.0,94.0,1.0,152.0,4071.0,625.0,2865.0,16529.0,327.0,129.0,13.0,8274.0,java
18,1541,0,2.0,3.0,21.0,0.0,260.0,46.0,118.0,671.0,320.0,37.0,102.0,79.0,java
20,1569,16,74.0,0.0,28.0,20.0,223.0,55.0,107.0,864.0,212.0,11.0,1.0,66.0,java
16,1818,8,16.0,3.0,9.0,9.0,171.0,61.0,238.0,1062.0,246.0,42.0,0.0,252.0,java
17,5784,0,6.0,3.0,42.0,3.0,1274.0,131.0,393.0,1619.0,1820.0,102.0,564.0,351.0,java
8,10083,54,430.0,16.0,175.0,178.0,1262.0,348.0,1095.0,4733.0,263.0,621.0,17.0,1987.0,java
10,460,14,12.0,0.0,11.0,1.0,62.0,37.0,56.0,172.0,10.0,2.0,0.0,139.0,java
16,1064,16,26.0,4.0,11.0,1.0,92.0,44.0,142.0,591.0,36.0,6.0,9.0,229.0,java
19,10470,86,170.0,5.0,80.0,26.0,2065.0,455.0,1329.0,5731.0,782.0,76.0,1.0,1448.0,java
13,26249,24,48.0,38.0,379.0,56.0,4927.0,956.0,2500.0,10839.0,3876.0,921.0,2154.0,2212.0,java
13,165,4,2.0,0.0,1.0,0.0,32.0,13.0,24.0,88.0,8.0,0.0,0.0,17.0,java
8,1521,34,0.0,96.0,0.0,67.0,252.0,29.0,96.0,660.0,30.0,266.0,0.0,116.0,java
14,13954,0,60.0,88.0,120.0,92.0,1323.0,378.0,1527.0,7161.0,580.0,530.0,600.0,3022.0,java
14,138,4,6.0,0.0,2.0,0.0,22.0,9.0,18.0,78.0,5.0,0.0,0.0,12.0,java
30,177,12,0.0,10.0,0.0,5.0,38.0,1.0,1.0,91.0,4.0,17.0,0.0,0.0,java
14,1293,12,46.0,4.0,21.0,1.0,223.0,46.0,130.0,663.0,32.0,6.0,11.0,228.0,java
12,27736,12,182.0,87.0,182.0,179.0,3474.0,694.0,2792.0,13116.0,3027.0,539.0,1558.0,4686.0,java
17,29361,208,1176.0,7.0,343.0,212.0,4274.0,818.0,2463.0,13887.0,3576.0,335.0,0.0,5343.0,java
18,3192,40,102.0,0.0,26.0,19.0,265.0,108.0,314.0,2083.0,273.0,19.0,0.0,257.0,java
17,19324,0,112.0,200.0,494.0,323.0,1854.0,303.0,1578.0,12250.0,1046.0,437.0,1030.0,1276.0,java
16,21919,0,4.0,3.0,565.0,3.0,4079.0,492.0,1414.0,10107.0,4088.0,117.0,1864.0,1089.0,java
34,6213,0,4.0,3.0,42.0,0.0,1348.0,131.0,386.0,1984.0,1826.0,102.0,560.0,344.0,java
14,301,4,2.0,3.0,0.0,0.0,169.0,19.0,27.0,48.0,33.0,0.0,0.0,23.0,java
31,7655,56,108.0,0.0,74.0,34.0,1253.0,288.0,1053.0,4402.0,542.0,53.0,11.0,1122.0,java
32,3592,42,74.0,5.0,33.0,14.0,519.0,129.0,405.0,2166.0,327.0,66.0,0.0,346.0,java
13,15379,10,40.0,31.0,142.0,23.0,3121.0,521.0,1318.0,5804.0,2586.0,607.0,1296.0,1379.0,java
39,9935,0,24.0,9.0,96.0,23.0,2000.0,258.0,615.0,3238.0,2812.0,140.0,906.0,687.0,java
65,1795,8,60.0,7.0,30.0,22.0,297.0,70.0,180.0,901.0,88.0,17.0,17.0,278.0,java
13,3073,0,134.0,13.0,0.0,84.0,412.0,121.0,311.0,1561.0,74.0,169.0,0.0,626.0,java
6,810,0,0.0,5.0,6.0,42.0,141.0,45.0,121.0,120.0,35.0,75.0,0.0,341.0,java
24,1724,10,52.0,2.0,18.0,4.0,238.0,56.0,136.0,1035.0,88.0,1.0,10.0,266.0,java
19,6519,34,184.0,3.0,76.0,30.0,1098.0,229.0,697.0,3837.0,542.0,63.0,0.0,652.0,java
14,116,4,2.0,1.0,0.0,0.0,21.0,12.0,18.0,62.0,7.0,0.0,0.0,13.0,java
9,5260,8,18.0,3.0,38.0,0.0,1012.0,142.0,362.0,1432.0,1647.0,96.0,502.0,362.0,java
12,947,14,22.0,2.0,11.0,4.0,107.0,32.0,124.0,655.0,22.0,0.0,0.0,110.0,java
21,3091,20,68.0,1.0,32.0,15.0,409.0,106.0,383.0,1773.0,362.0,60.0,0.0,351.0,java
24,1406,2,8.0,0.0,5.0,8.0,153.0,42.0,207.0,848.0,153.0,23.0,0.0,206.0,java
8,4110,2,50.0,3.0,22.0,13.0,596.0,184.0,653.0,2341.0,205.0,41.0,0.0,837.0,java
12,15593,182,813.0,4.0,242.0,120.0,2205.0,496.0,1252.0,8506.0,990.0,81.0,31.0,1923.0,java
15,666,18,22.0,0.0,14.0,2.0,78.0,35.0,75.0,399.0,53.0,0.0,0.0,45.0,java
11,1513,8,46.0,3.0,20.0,8.0,213.0,49.0,144.0,904.0,107.0,31.0,1.0,123.0,java
13,1031,18,22.0,0.0,16.0,3.0,150.0,45.0,107.0,685.0,11.0,4.0,1.0,76.0,java
22,43769,8,362.0,51.0,666.0,14.0,6470.0,1164.0,2089.0,19499.0,9424.0,312.0,4630.0,1169.0,java
14,899,22,30.0,0.0,23.0,8.0,151.0,57.0,109.0,478.0,58.0,8.0,0.0,64.0,java
15,12546,0,400.0,102.0,0.0,305.0,1518.0,367.0,1088.0,7210.0,222.0,172.0,19.0,2598.0,java
26,1437,2,4.0,3.0,7.0,11.0,96.0,43.0,217.0,877.0,169.0,41.0,0.0,227.0,java
20,29322,153,1108.0,22.0,416.0,111.0,5764.0,829.0,2215.0,16947.0,1899.0,102.0,106.0,1865.0,java
26,1714,8,14.0,0.0,10.0,7.0,285.0,64.0,232.0,945.0,193.0,23.0,0.0,229.0,java
8,5076,56,214.0,15.0,85.0,22.0,831.0,222.0,738.0,2613.0,241.0,95.0,0.0,682.0,java
36,45621,235,826.0,17.0,200.0,736.0,7475.0,1214.0,5673.0,18056.0,9908.0,317.0,1117.0,5520.0,java
20,1653,8,14.0,0.0,9.0,7.0,287.0,64.0,233.0,899.0,176.0,23.0,0.0,230.0,java
16,7389,60,150.0,3.0,55.0,46.0,1072.0,298.0,930.0,4372.0,551.0,57.0,1.0,1022.0,java
16,6849,0,85.0,63.0,153.0,35.0,755.0,43.0,628.0,4013.0,395.0,184.0,448.0,677.0,java
25,15851,0,94.0,18.0,122.0,21.0,3050.0,347.0,1067.0,6213.0,3846.0,152.0,1442.0,893.0,java
13,4018,0,0.0,3.0,26.0,0.0,911.0,93.0,277.0,951.0,1359.0,77.0,422.0,269.0,java
43,1424,10,18.0,0.0,8.0,13.0,79.0,44.0,187.0,899.0,202.0,19.0,0.0,176.0,java
13,1505,6,16.0,3.0,11.0,7.0,122.0,51.0,211.0,909.0,178.0,42.0,1.0,210.0,java
14,709,8,10.0,3.0,3.0,0.0,187.0,31.0,75.0,278.0,47.0,4.0,0.0,139.0,java
12,560,8,14.0,0.0,7.0,5.0,71.0,25.0,83.0,382.0,3.0,3.0,1.0,66.0,java
18,2246,14,16.0,2.0,8.0,10.0,350.0,73.0,325.0,1158.0,316.0,13.0,0.0,286.0,java
13,1592,34,34.0,1.0,14.0,7.0,130.0,54.0,204.0,784.0,190.0,0.0,14.0,384.0,java
17,9442,44,282.0,0.0,116.0,127.0,1685.0,293.0,1007.0,4699.0,1234.0,412.0,1.0,842.0,java
12,2020,12,28.0,0.0,13.0,8.0,360.0,81.0,276.0,1076.0,197.0,24.0,22.0,280.0,java
13,3007,30,43.0,4.0,22.0,14.0,413.0,112.0,420.0,1750.0,309.0,43.0,0.0,379.0,java
14,7990,0,16.0,8.0,76.0,10.0,1728.0,223.0,569.0,2206.0,2535.0,132.0,806.0,473.0,java
31,3127,9,72.0,4.0,37.0,11.0,356.0,80.0,274.0,2003.0,241.0,23.0,4.0,367.0,java
12,3880,16,98.0,6.0,52.0,26.0,691.0,141.0,399.0,2085.0,177.0,39.0,2.0,688.0,java
14,301,4,2.0,3.0,0.0,0.0,169.0,19.0,27.0,48.0,33.0,0.0,0.0,23.0,java
20,5034,8,18.0,3.0,34.0,0.0,928.0,144.0,347.0,1357.0,1623.0,97.0,476.0,346.0,java
25,2876,12,36.0,2.0,16.0,31.0,231.0,80.0,433.0,1276.0,710.0,42.0,1.0,519.0,java
28,120742,1017,4819.0,31.0,1627.0,770.0,21855.0,4223.0,12369.0,64090.0,12806.0,3197.0,53.0,10477.0,java
22,3775,10,110.0,8.0,50.0,5.0,411.0,112.0,379.0,2332.0,231.0,25.0,20.0,573.0,java
10,13676,0,78.0,18.0,125.0,16.0,2763.0,324.0,931.0,4789.0,3585.0,152.0,1394.0,756.0,java
29,176,12,0.0,10.0,0.0,5.0,38.0,1.0,1.0,84.0,4.0,23.0,0.0,0.0,java
9,1149,6,60.0,8.0,13.0,2.0,175.0,38.0,121.0,653.0,61.0,10.0,0.0,123.0,java
12,947,14,22.0,2.0,11.0,4.0,107.0,32.0,124.0,655.0,22.0,0.0,0.0,110.0,java
20,1950,4,76.0,6.0,27.0,0.0,243.0,69.0,127.0,1214.0,116.0,12.0,2.0,250.0,java
13,1975,12,48.0,3.0,22.0,2.0,394.0,63.0,213.0,1103.0,36.0,1.0,1.0,291.0,java
14,1473,10,42.0,5.0,27.0,2.0,209.0,49.0,151.0,751.0,24.0,21.0,6.0,327.0,java
28,11246,0,26.0,9.0,94.0,24.0,2000.0,288.0,905.0,4284.0,2843.0,140.0,932.0,894.0,java
14,638,10,34.0,0.0,10.0,7.0,66.0,24.0,64.0,297.0,31.0,39.0,0.0,144.0,java
21,9465,0,24.0,9.0,94.0,20.0,1970.0,258.0,631.0,2915.0,2799.0,140.0,902.0,592.0,java
16,5880,0,28.0,37.0,300.0,19.0,779.0,46.0,465.0,3564.0,147.0,167.0,366.0,428.0,java
9,7448,96,256.0,0.0,94.0,8.0,1173.0,328.0,989.0,4393.0,258.0,26.0,32.0,784.0,java
20,33816,268,1531.0,8.0,477.0,485.0,4990.0,1039.0,2029.0,18147.0,3753.0,351.0,34.0,2734.0,java
27,49682,420,2026.0,10.0,538.0,406.0,8745.0,1692.0,4785.0,26191.0,5797.0,1229.0,13.0,4307.0,java
12,447,2,34.0,4.0,0.0,11.0,58.0,19.0,48.0,259.0,2.0,19.0,0.0,58.0,java
11,341,6,4.0,0.0,8.0,2.0,42.0,20.0,44.0,171.0,5.0,0.0,0.0,83.0,java
34,2590,26,42.0,1.0,9.0,32.0,372.0,87.0,368.0,1445.0,231.0,61.0,0.0,371.0,java
47,1444,10,18.0,0.0,8.0,13.0,79.0,44.0,187.0,919.0,202.0,19.0,0.0,176.0,java
9,339,0,24.0,3.0,8.0,8.0,60.0,12.0,44.0,152.0,12.0,12.0,2.0,46.0,java
25,2879,18,48.0,3.0,13.0,16.0,357.0,107.0,358.0,1735.0,287.0,42.0,0.0,360.0,java
38,1397,10,18.0,0.0,8.0,13.0,80.0,44.0,187.0,877.0,196.0,19.0,0.0,176.0,java
15,1170,0,6.0,9.0,11.0,6.0,223.0,40.0,96.0,600.0,44.0,71.0,86.0,74.0,java
18,629,8,24.0,1.0,11.0,0.0,56.0,28.0,52.0,308.0,14.0,6.0,4.0,169.0,java
22,20299,114,360.0,17.0,151.0,123.0,2640.0,639.0,2599.0,11754.0,2123.0,85.0,48.0,2884.0,java
34,2867,32,48.0,1.0,10.0,33.0,425.0,97.0,402.0,1591.0,251.0,75.0,0.0,401.0,java
19,1350,4,8.0,0.0,5.0,8.0,171.0,43.0,192.0,756.0,185.0,25.0,0.0,188.0,java
14,29275,0,81.0,177.0,191.0,78.0,3795.0,835.0,3185.0,16823.0,1834.0,382.0,2698.0,2382.0,java
22,2316,26,48.0,6.0,34.0,10.0,367.0,102.0,342.0,1330.0,53.0,36.0,6.0,298.0,java
10,20213,0,50.0,3.0,374.0,23.0,4199.0,414.0,1186.0,7582.0,4950.0,187.0,1816.0,1029.0,java
30,4129,0,0.0,3.0,26.0,0.0,911.0,93.0,277.0,1048.0,1373.0,77.0,422.0,269.0,java
16,1586,24,44.0,0.0,24.0,4.0,250.0,79.0,170.0,972.0,70.0,2.0,10.0,107.0,java
12,271,0,18.0,3.0,8.0,0.0,47.0,12.0,31.0,150.0,0.0,9.0,0.0,24.0,java
21,4921,46,182.0,2.0,78.0,45.0,799.0,158.0,326.0,2802.0,313.0,71.0,0.0,425.0,java
23,74865,610,1839.0,20.0,494.0,386.0,11350.0,2506.0,9448.0,44155.0,4722.0,397.0,97.0,10795.0,java
31,4136,0,0.0,3.0,26.0,0.0,911.0,93.0,277.0,1055.0,1373.0,77.0,422.0,269.0,java
13,1144,20,28.0,2.0,20.0,0.0,203.0,54.0,174.0,609.0,12.0,6.0,1.0,189.0,java
14,326,4,2.0,3.0,0.0,0.0,169.0,19.0,31.0,65.0,36.0,2.0,0.0,26.0,java
14,307,12,10.0,0.0,4.0,5.0,56.0,17.0,40.0,165.0,9.0,16.0,0.0,30.0,java
14,301,4,2.0,3.0,0.0,0.0,169.0,19.0,27.0,48.0,33.0,0.0,0.0,23.0,java
30,8510,0,16.0,9.0,77.0,15.0,1749.0,227.0,555.0,2688.0,2496.0,120.0,798.0,542.0,java
16,16747,0,118.0,115.0,159.0,107.0,1464.0,386.0,2112.0,10680.0,827.0,297.0,876.0,1719.0,java
16,5970,0,56.0,48.0,162.0,29.0,764.0,50.0,558.0,3599.0,234.0,169.0,352.0,508.0,java
10,3589,0,140.0,47.0,1.0,58.0,399.0,120.0,362.0,2060.0,44.0,26.0,3.0,811.0,java
6,1261,0,30.0,8.0,0.0,8.0,90.0,37.0,112.0,829.0,92.0,1.0,0.0,203.0,java
6,1336,0,48.0,3.0,11.0,54.0,200.0,28.0,139.0,308.0,19.0,55.0,6.0,604.0,java
30,177,12,0.0,10.0,0.0,5.0,38.0,1.0,1.0,78.0,4.0,30.0,0.0,0.0,java
18,998,16,28.0,3.0,13.0,0.0,314.0,58.0,87.0,452.0,58.0,7.0,5.0,45.0,java
14,644,6,32.0,4.0,13.0,1.0,131.0,28.0,84.0,365.0,23.0,3.0,0.0,66.0,java
13,17105,2,131.0,257.0,520.0,90.0,1805.0,161.0,1477.0,10929.0,449.0,453.0,1016.0,1293.0,java
