player_id,league,game_number,milestones,time_seconds,score
L1_P01,1,1,40,44.43964664489604,121.23537362618892
L1_P01,1,2,40,65.4782659803358,115.00892168780236
L1_P01,1,3,40,53.918244288241006,117.1203876018184
L1_P01,1,4,37,70.87025287109631,109.06317964325574
L1_P01,1,5,38,71.1113698110307,114.27147092258764
L1_P01,1,6,39,67.70561991645033,121.55699083573299
L1_P01,1,7,28,68.31776198836687,92.76756267284537
L1_P01,1,8,35,62.589400993919796,104.14587568452654
L1_P01,1,9,41,64.33547544801743,120.4120505441476
L1_P01,1,10,39,50.80984795880977,124.09945644644034
L1_P01,1,11,35,75.20442140985944,104.22173163456955
L1_P01,1,12,42,62.249116176428025,123.8882087814917
L1_P01,1,13,35,67.739234982838,107.33445687528564
L1_P01,1,14,40,56.12000647587894,122.24733974262244
L1_P01,1,15,41,90.52466898591842,115.61824153810133
L1_P01,1,16,37,58.24674315590434,111.0978469499907
L1_P01,1,17,36,40.0,115.05875294891801
L1_P01,1,18,39,61.453971465160016,124.21056487922334
L1_P01,1,19,39,71.81281073816918,115.56027056803097
L1_P01,1,20,29,68.08231585541539,94.66558739617548
L1_P02,1,1,36,69.6779866350863,112.2972247013206
L1_P02,1,2,44,54.22979565738808,137.1574984951223
L1_P02,1,3,35,70.48231076537071,107.8472901623957
L1_P02,1,4,38,63.748642435760715,118.52300120452084
L1_P02,1,5,38,53.815964167903594,119.78616674012949
L1_P02,1,6,39,61.669487843684756,127.57383736017665
L1_P02,1,7,38,69.52879160335053,117.03221281678148
L1_P02,1,8,39,59.743660106180144,121.38418631556557
L1_P02,1,9,39,76.06374314181463,123.0398955727248
L1_P02,1,10,37,84.19371149525836,118.58927056207816
L1_P02,1,11,46,75.96452525266481,139.16880010976035
L1_P02,1,12,35,48.930845671394955,115.55791529051811
L1_P02,1,13,40,61.75532687650515,122.75935540506264
L1_P02,1,14,39,58.547731286537086,122.21175153707668
L1_P02,1,15,34,63.590549598318034,115.28459420908408
L1_P02,1,16,41,62.55980438739763,131.8602101477191
L1_P02,1,17,36,67.4342051077247,114.99075318822695
L1_P02,1,18,35,63.10651225247753,111.31316845534779
L1_P02,1,19,33,61.04779201536373,107.71411655830798
L1_P02,1,20,31,72.04989101124718,102.64668371787141
L1_P03,1,1,38,71.46343227339523,111.65219724016333
L1_P03,1,2,39,71.79002975564802,114.91604530329808
L1_P03,1,3,34,65.97547352282747,120.23772706470045
L1_P03,1,4,42,72.73691023571354,123.02304077564891
L1_P03,1,5,37,57.42024384606609,115.92859940882325
L1_P03,1,6,35,66.00752956244156,106.70911070078199
L1_P03,1,7,35,53.34324073962699,111.16916795409257
L1_P03,1,8,40,52.830032511831135,124.27712345089279
L1_P03,1,9,41,79.15358065688466,116.22407561483695
L1_P03,1,10,38,74.34564207836245,112.21466114390864
L1_P03,1,11,36,40.0,119.5923425878254
L1_P03,1,12,39,50.75073660159143,126.99436526603186
L1_P03,1,13,42,58.01180457225584,128.17040809605587
L1_P03,1,14,38,96.63556563236867,110.86394776390718
L1_P03,1,15,42,70.51416542201672,120.70619491288501
L1_P03,1,16,37,73.96567219916179,108.34224376988246
L1_P03,1,17,38,57.70530207778444,119.75622706039019
L1_P03,1,18,40,51.35699643440358,126.21094448277057
L1_P03,1,19,34,74.78206501843863,107.34457912428593
L1_P03,1,20,34,55.53397576243913,113.18902146938352
L1_P04,1,1,41,64.98414989436243,126.60444103337547
L1_P04,1,2,29,68.96061137835665,91.71936074836195
L1_P04,1,3,33,75.31390097606914,104.52269752364447
L1_P04,1,4,32,66.50988397314771,102.49718926072761
L1_P04,1,5,40,70.07229957426716,119.77134041776077
L1_P04,1,6,34,71.42130868732573,101.42571961856754
L1_P04,1,7,31,68.45235659758045,96.26848874926557
L1_P04,1,8,36,48.043475999619844,118.57293056177295
L1_P04,1,9,31,67.95722463728207,103.62318418643122
L1_P04,1,10,35,79.14308370261111,110.16837364883288
L1_P04,1,11,33,64.14544651419617,100.32947450558464
L1_P04,1,12,41,98.25760594061464,119.04035818292265
L1_P04,1,13,40,78.01776866168251,121.43627700963553
L1_P04,1,14,39,60.17758340454603,119.29577320145539
L1_P04,1,15,38,67.03034572327564,114.2575393327927
L1_P04,1,16,37,64.01887971963853,114.51754116732637
L1_P04,1,17,37,64.12167841839573,115.7347885845748
L1_P04,1,18,36,61.50334831376034,112.42181208604484
L1_P04,1,19,39,86.0561998256806,116.54368047059539
L1_P04,1,20,40,65.5230390086362,116.21840658035325
L1_P05,1,1,30,66.51575652987535,98.46633017723663
L1_P05,1,2,34,85.19921408343973,96.39303384587065
L1_P05,1,3,31,71.99448116052874,95.81211612623024
L1_P05,1,4,30,68.02524443632433,102.82764511405554
L1_P05,1,5,33,85.29064929710897,98.23994722624053
L1_P05,1,6,32,82.48744551731095,93.8561115016204
L1_P05,1,7,37,66.60201463106985,116.5060723338501
L1_P05,1,8,34,58.874582862426564,102.95314150061985
L1_P05,1,9,28,60.19382512054281,99.8565700637622
L1_P05,1,10,37,68.84339461626631,115.04028789134298
L1_P05,1,11,27,70.48765776409678,86.88693040571472
L1_P05,1,12,35,85.88822914988393,101.96509889585145
L1_P05,1,13,35,86.86854812473345,100.020350789442
L1_P05,1,14,38,75.54129292609886,114.88330039439415
L1_P05,1,15,40,72.57252903065451,116.16067770551739
L1_P05,1,16,36,61.58399181324192,109.67057537598579
L1_P05,1,17,38,76.5788275234736,111.0967967036609
L1_P05,1,18,28,75.28691307326808,89.3870157256706
L1_P05,1,19,34,60.323193129186265,102.6400905418218
L1_P05,1,20,31,56.34596395922552,108.06571291823917
L1_P06,1,1,34,64.8983092422952,108.02282009457407
L1_P06,1,2,36,72.9819907566824,108.57984270185156
L1_P06,1,3,35,65.9128362563078,112.76926733689861
L1_P06,1,4,33,68.8993482255379,104.99534680620064
L1_P06,1,5,36,72.94295235851118,110.32464575253893
L1_P06,1,6,32,77.37360168142467,101.47310651817874
L1_P06,1,7,29,62.95356599706339,96.17529233610001
L1_P06,1,8,29,80.43374648999337,96.6520998533078
L1_P06,1,9,22,76.54402593980116,85.39753687303453
L1_P06,1,10,36,86.45784778171978,112.84988300019086
L1_P06,1,11,29,76.68054462155867,92.42537124382102
L1_P06,1,12,35,70.34050090129818,107.87054774555249
L1_P06,1,13,42,82.24929121026842,123.20801578718124
L1_P06,1,14,37,67.57477702293181,118.59319237072732
L1_P06,1,15,33,71.88061049462854,100.05857005274743
L1_P06,1,16,35,62.54060681847634,115.1951799943012
L1_P06,1,17,38,60.59976834100676,118.89881887383427
L1_P06,1,18,37,72.3941353687672,110.93019362495195
L1_P06,1,19,35,97.32408854193704,99.98414723245797
L1_P06,1,20,33,68.22180911198427,101.8777715617018
L1_P07,1,1,38,78.44992085528152,112.17125894676968
L1_P07,1,2,35,77.18596336867355,101.84659212650814
L1_P07,1,3,38,51.00073289875857,121.31081036221899
L1_P07,1,4,36,72.73868589573861,107.43655712400098
L1_P07,1,5,33,63.12884865419971,103.32070044403426
L1_P07,1,6,41,66.78272430245593,124.21885622314053
L1_P07,1,7,33,63.04544472958948,108.5048551624292
L1_P07,1,8,42,71.3712443216646,124.32343765654743
L1_P07,1,9,40,64.17079710596255,124.90022509737845
L1_P07,1,10,29,65.92160190551719,96.40331087814616
L1_P07,1,11,35,60.58111323948704,109.4422813829715
L1_P07,1,12,28,78.39425255874791,96.16096310143551
L1_P07,1,13,36,76.79632277361827,109.57323957791667
L1_P07,1,14,39,73.03359762336306,116.12278929582916
L1_P07,1,15,32,59.12031867624226,103.704769905481
L1_P07,1,16,37,67.21397946914264,112.54950337738663
L1_P07,1,17,35,65.57244566882873,104.79725917170747
L1_P07,1,18,32,80.66540880201721,100.54835867579942
L1_P07,1,19,40,67.50770222142549,120.29154985293131
L1_P07,1,20,34,69.83748832031961,103.31085637781199
L1_P08,1,1,43,40.0,136.0887820264554
L1_P08,1,2,35,69.34092107827972,109.98657778604792
L1_P08,1,3,34,75.86823437539351,105.8299206146724
L1_P08,1,4,32,60.3485414858813,100.88365713969236
L1_P08,1,5,34,70.5347125730553,108.29843799175698
L1_P08,1,6,29,60.21539356686984,97.43414269825313
L1_P08,1,7,39,73.84777633629913,116.5122626393194
L1_P08,1,8,36,67.30496064354848,110.89549834812567
L1_P08,1,9,39,76.61143651195661,114.62827174901899
L1_P08,1,10,43,72.33525674837028,121.72648925561114
L1_P08,1,11,29,69.74102390315703,99.17967254296671
L1_P08,1,12,36,58.95110156339087,118.29347487002389
L1_P08,1,13,36,77.80486146793366,113.81062897978356
L1_P08,1,14,33,48.03301549289664,107.18360929662444
L1_P08,1,15,34,68.76966441735821,107.4051743204759
L1_P08,1,16,38,64.69121634816811,117.0554646891695
L1_P08,1,17,38,50.29322727929014,119.85059436549395
L1_P08,1,18,37,60.95518247427193,116.28688449639701
L1_P08,1,19,38,61.61916794524646,117.39821653890351
L1_P08,1,20,40,75.7041722741431,127.70408099954113
L1_P09,1,1,41,91.25800908684928,120.7682215463447
L1_P09,1,2,40,72.68519982024463,123.46303758599487
L1_P09,1,3,39,68.33959174527426,120.29815385226112
L1_P09,1,4,38,78.8514170219715,123.05698015839943
L1_P09,1,5,33,88.95843921085171,101.26193992143804
L1_P09,1,6,33,91.32792972370432,99.95364172476161
L1_P09,1,7,37,71.54040630046471,111.0571322717225
L1_P09,1,8,34,63.79248425150418,111.41007398032815
L1_P09,1,9,29,67.83957041901427,95.05636658064036
L1_P09,1,10,29,69.53542494785214,98.28341894842318
L1_P09,1,11,35,71.61668887963818,115.5276427012843
L1_P09,1,12,31,66.6810459274204,107.478848199052
L1_P09,1,13,34,70.78531610935936,107.35158698420784
L1_P09,1,14,31,76.74733568118495,104.74074528282812
L1_P09,1,15,34,73.09309561819978,105.81012369996286
L1_P09,1,16,35,71.31336643934618,111.2518758307952
L1_P09,1,17,35,99.56354760569556,107.99022130486959
L1_P09,1,18,31,88.55199894895378,96.13151372278394
L1_P09,1,19,35,70.62965997507328,109.73123108724313
L1_P09,1,20,36,83.5180081894665,107.55600885912605
L1_P10,1,1,42,69.67912800247069,132.2500761630144
L1_P10,1,2,32,40.0,115.27516968667018
L1_P10,1,3,43,46.28482490018602,127.01494373858256
L1_P10,1,4,43,52.72625342888928,137.13571248347904
L1_P10,1,5,36,51.83205253421441,113.96850261869322
L1_P10,1,6,38,63.04938740129589,123.09819848922743
L1_P10,1,7,34,78.35996800639494,108.37841004950177
L1_P10,1,8,40,69.87911637202848,126.62700094667689
L1_P10,1,9,39,79.67822157615512,117.2467223284656
L1_P10,1,10,35,62.18351341812735,115.60945484598983
L1_P10,1,11,40,60.7997796824314,120.37193354420052
L1_P10,1,12,43,55.109934089526746,129.65309478032398
L1_P10,1,13,41,62.68937356364958,129.07748295769093
L1_P10,1,14,36,55.98180413481985,112.40188626418912
L1_P10,1,15,37,58.994604675718776,122.80724250909424
L1_P10,1,16,44,60.794317818047176,134.5753299379664
L1_P10,1,17,32,40.8412520583084,110.13127473743049
L1_P10,1,18,40,56.32002231086781,124.47554345512793
L1_P10,1,19,31,56.99409745119094,103.01872811648177
L1_P10,1,20,44,70.01432990140067,132.44014873473517
L1_P11,1,1,28,75.01586260197259,95.118209902177
L1_P11,1,2,36,72.03967425368563,111.79631634656077
L1_P11,1,3,35,59.177047240076234,110.77768658407598
L1_P11,1,4,36,59.989892412739565,115.31148583844642
L1_P11,1,5,40,67.88863884091641,122.64411460149348
L1_P11,1,6,30,66.1909917353278,103.91341909828147
L1_P11,1,7,39,68.53214052468999,119.70428643388897
L1_P11,1,8,41,66.29006081023736,123.1636745714323
L1_P11,1,9,37,57.836775001003744,118.42840362609586
L1_P11,1,10,42,65.98731204395716,130.40592939484225
L1_P11,1,11,38,63.21378234885512,119.08496740257658
L1_P11,1,12,38,64.99051975497476,120.83960813442194
L1_P11,1,13,33,54.749690552990096,111.22133734343787
L1_P11,1,14,37,65.05950179887128,117.0773153548369
L1_P11,1,15,38,66.17521446195373,123.01560595048126
L1_P11,1,16,27,80.34290928615079,94.89676611947615
L1_P11,1,17,40,70.6256821192047,121.15950038670788
L1_P11,1,18,38,61.80947512207304,116.01407379360225
L1_P11,1,19,38,56.158915330911945,123.07692796244176
L1_P11,1,20,33,76.53267333075298,102.46472608507871
L1_P12,1,1,35,62.9763241653109,118.05133065185836
L1_P12,1,2,41,59.28192385223452,123.41673902909402
L1_P12,1,3,36,59.75092642600887,109.50467732408458
L1_P12,1,4,40,78.12627885539027,120.73923417776633
L1_P12,1,5,32,69.14758703356286,100.26456519884704
L1_P12,1,6,37,62.15182567803386,110.67444489894497
L1_P12,1,7,42,69.59137497939545,126.32667575499876
L1_P12,1,8,40,68.36292095290702,124.5638151398526
L1_P12,1,9,28,57.51206372016817,93.58849384268504
L1_P12,1,10,32,57.795443572051155,104.25995342459991
L1_P12,1,11,30,74.5109632646458,94.64748180257897
L1_P12,1,12,30,68.33577627806919,95.65148291523504
L1_P12,1,13,34,84.62123430483088,107.34305477214484
L1_P12,1,14,36,77.9948532644653,114.97801257824042
L1_P12,1,15,38,63.9000349334297,124.8675773936711
L1_P12,1,16,32,91.49544982792165,95.07618178999846
L1_P12,1,17,44,70.4686553399248,126.52191303233863
L1_P12,1,18,41,65.30927166172334,127.28245618775422
L1_P12,1,19,31,55.44469656715623,103.54374352873657
L1_P12,1,20,40,74.24041790413978,118.38622302798221
L1_P13,1,1,39,60.796779000583165,112.57545268297416
L1_P13,1,2,40,58.97252073152428,122.23052953128203
L1_P13,1,3,38,47.62189775219482,116.92702924273294
L1_P13,1,4,36,77.50809716097238,102.74945755129201
L1_P13,1,5,37,53.47510294091584,110.71690315581276
L1_P13,1,6,35,60.02602395620508,107.95478622295118
L1_P13,1,7,35,42.294291114760995,109.48710450294782
L1_P13,1,8,38,82.17636469756961,104.07479321290491
L1_P13,1,9,42,73.4135625759301,117.92366810477732
L1_P13,1,10,34,57.56680827501874,107.41968170695058
L1_P13,1,11,39,45.41003094167299,122.39932458894745
L1_P13,1,12,37,61.871708051942576,116.15333226976676
L1_P13,1,13,38,73.0417158995671,117.42789308450493
L1_P13,1,14,40,65.43277098288196,117.01617463304463
L1_P13,1,15,32,56.588944079130535,107.76419397552392
L1_P13,1,16,41,67.79373363274645,123.79479180070155
L1_P13,1,17,34,44.15260272267773,110.33848804422492
L1_P13,1,18,38,81.35286699712756,111.13463379792438
L1_P13,1,19,39,72.58338870414997,114.02849005799553
L1_P13,1,20,42,68.6779336145783,122.22247440374255
L1_P14,1,1,34,62.68290216774516,107.84571056103866
L1_P14,1,2,35,63.89877723646239,107.25295698087612
L1_P14,1,3,26,82.86551997183045,87.52330638982197
L1_P14,1,4,34,66.87550090583142,108.39991801737118
L1_P14,1,5,30,68.03151153922579,98.22533609046089
L1_P14,1,6,31,77.84882937466288,95.9209027398715
L1_P14,1,7,33,62.036289468765446,100.14262108368682
L1_P14,1,8,29,77.98639366050095,92.67038415554897
L1_P14,1,9,36,83.73423948164279,99.37087592195729
L1_P14,1,10,31,80.29465768419809,99.01614964105795
L1_P14,1,11,39,81.08373764524643,113.18979014718573
L1_P14,1,12,26,57.09963031606321,90.70496912680201
L1_P14,1,13,30,71.48331768538442,97.51770005269763
L1_P14,1,14,38,86.46700847754083,110.76691422713351
L1_P14,1,15,36,70.34515675244064,102.4975063706277
L1_P14,1,16,31,71.77140575200823,99.93364566249609
L1_P14,1,17,36,71.9707053619557,106.43012907174415
L1_P14,1,18,31,72.89866412908141,91.94023573463284
L1_P14,1,19,34,76.05911093228755,109.02686698478354
L1_P14,1,20,41,102.01996177145188,117.68658034355099
L1_P15,1,1,34,54.65287808470923,111.45981485086689
L1_P15,1,2,39,61.341431364017296,115.01268676514407
L1_P15,1,3,37,69.53233463462675,110.44827284747322
L1_P15,1,4,34,48.453052016042015,111.5483237022532
L1_P15,1,5,39,58.47561389792847,120.33614984675327
L1_P15,1,6,35,66.40063271838919,108.82986129694636
L1_P15,1,7,37,53.06896439300995,119.50209873817039
L1_P15,1,8,39,81.18662981018186,115.51687711795378
L1_P15,1,9,33,72.19489883184309,107.84547041430078
L1_P15,1,10,38,76.15597782375274,120.22149645681853
L1_P15,1,11,40,67.49593060245844,122.45952591265161
L1_P15,1,12,39,68.31301599774619,115.29931517521813
L1_P15,1,13,39,41.01517497737973,124.50264579828927
L1_P15,1,14,37,53.82986551996956,120.46454075293857
L1_P15,1,15,32,79.12739317985577,100.32505459531275
L1_P15,1,16,36,70.25585861255698,110.64089054334707
L1_P15,1,17,32,52.10062886160621,108.42667820555593
L1_P15,1,18,44,50.095512676918034,135.32774346975944
L1_P15,1,19,36,70.48579288355582,110.74702390396493
L1_P15,1,20,39,55.75845585344999,121.76057388216151
L1_P16,1,1,43,67.61888020825077,132.72824590502532
L1_P16,1,2,27,62.035763637024516,91.48478063746137
L1_P16,1,3,37,77.02146402501529,114.7663128993785
L1_P16,1,4,38,71.6996686917915,120.67132691066968
L1_P16,1,5,36,64.38626646355388,115.72358696066082
L1_P16,1,6,35,82.44316030292468,109.89351924426104
L1_P16,1,7,35,65.32754218277687,116.47438545661338
L1_P16,1,8,32,77.4422221151769,102.0367359231702
L1_P16,1,9,37,62.422474427236324,114.87112994892163
L1_P16,1,10,34,68.4945022891802,108.11705463504502
L1_P16,1,11,29,99.37915075629519,95.40019186238764
L1_P16,1,12,37,80.89164077419619,112.21753437465748
L1_P16,1,13,31,59.10613802548005,105.70617990948035
L1_P16,1,14,34,69.19254836965328,110.50888058569971
L1_P16,1,15,38,71.64417511006101,117.86608792024094
L1_P16,1,16,33,76.48474738872625,107.02071712037419
L1_P16,1,17,43,67.52523672346409,130.9207314750842
L1_P16,1,18,34,66.03058703565821,109.5465065370483
L1_P16,1,19,34,62.188964697875356,113.1059908717655
L1_P16,1,20,39,47.24834065947249,121.0278910105733
L1_P17,1,1,42,61.283758450802345,129.71300293793726
L1_P17,1,2,43,54.851684786829104,137.4235994530783
L1_P17,1,3,42,56.48857499706596,129.04790787686758
L1_P17,1,4,32,68.51042326562946,106.68801748027258
L1_P17,1,5,38,74.56542937264145,116.00603169674488
L1_P17,1,6,36,67.99298842636196,113.60789226574977
L1_P17,1,7,42,54.8957558003673,135.13437286854665
L1_P17,1,8,44,75.83305461766523,129.9138342619255
L1_P17,1,9,43,52.05531759746035,133.44737417601655
L1_P17,1,10,37,45.6070621174043,118.21789933614976
L1_P17,1,11,42,41.67175161252132,132.09530006455665
L1_P17,1,12,41,66.52664805054584,129.62359766211586
L1_P17,1,13,39,62.07399634024533,119.1529217981123
L1_P17,1,14,37,58.93921990334136,115.40523754529025
L1_P17,1,15,37,54.13379562472075,123.12502378723839
L1_P17,1,16,38,55.23446904938693,123.91877424417461
L1_P17,1,17,37,69.58399111194215,114.21712144148383
L1_P17,1,18,43,51.54632319533732,137.95887177867198
L1_P17,1,19,40,62.30380812963692,124.7022844004465
L1_P17,1,20,39,72.25981155233967,117.77045350057314
L1_P18,1,1,35,75.4811817340028,110.152001994533
L1_P18,1,2,36,59.11481522716744,113.44796614241366
L1_P18,1,3,39,78.75587215393371,113.04212438676298
L1_P18,1,4,40,74.9472944827837,111.08684215319354
L1_P18,1,5,35,57.55263456853871,106.9194964617574
L1_P18,1,6,31,86.07194514692009,97.57302695647957
L1_P18,1,7,40,76.83752717530393,121.92441429945961
L1_P18,1,8,32,62.13037017557885,107.32178707147544
L1_P18,1,9,34,66.08273355803966,104.7850961484954
L1_P18,1,10,36,75.97868554672786,111.06894916039525
L1_P18,1,11,43,71.72194277669907,124.1133174337539
L1_P18,1,12,34,68.84615891941179,103.69490768428156
L1_P18,1,13,39,71.04097482621015,118.31849364028368
L1_P18,1,14,31,75.37888630478497,95.78435614713302
L1_P18,1,15,29,68.78160444923259,93.86261314503544
L1_P18,1,16,37,81.29662208641138,103.23329966871235
L1_P18,1,17,35,50.97889133714679,114.08710946730301
L1_P18,1,18,37,78.41069881087658,110.94916627946407
L1_P18,1,19,39,66.43944171535199,117.31024372658727
L1_P18,1,20,37,74.30741811980157,108.68929129450888
L1_P19,1,1,34,67.31474571496454,104.92726891535652
L1_P19,1,2,45,73.55235405874068,135.74571165828888
L1_P19,1,3,39,49.16540312903293,121.51082546931484
L1_P19,1,4,33,63.097837255267706,109.65010221490986
L1_P19,1,5,44,49.03383537769527,139.63659206065904
L1_P19,1,6,38,56.120311400473994,117.9102146152024
L1_P19,1,7,36,52.608800864962994,114.49766493694831
L1_P19,1,8,35,61.85620861908278,111.42409340937395
L1_P19,1,9,37,73.60756576223937,110.6620711126038
L1_P19,1,10,39,51.30301185837523,125.05073644277502
L1_P19,1,11,36,60.30408136859704,108.83073679740917
L1_P19,1,12,38,52.29878076148813,121.70670664143717
L1_P19,1,13,42,66.29114662935788,124.87754302340822
L1_P19,1,14,39,66.59307694695323,121.40081325345061
L1_P19,1,15,40,58.49049524021686,122.83968323717603
L1_P19,1,16,35,60.04247849281824,114.1033147110187
L1_P19,1,17,45,65.45444882756841,130.8018202205624
L1_P19,1,18,38,58.06867446635801,115.50174276239748
L1_P19,1,19,37,57.27806519577841,118.96440658318255
L1_P19,1,20,33,55.744426744777655,110.56152216575173
L1_P20,1,1,43,71.08391724171835,131.8762014511349
L1_P20,1,2,38,57.44585909013232,117.49246713454681
L1_P20,1,3,30,61.97362278288297,99.4695679540613
L1_P20,1,4,41,53.387709491112076,125.02301349737616
L1_P20,1,5,36,69.54813765415986,112.31320606155832
L1_P20,1,6,43,53.59731708419242,134.27675028077576
L1_P20,1,7,43,55.69906484872276,124.49873915268779
L1_P20,1,8,34,81.92715736150424,103.41146686408321
L1_P20,1,9,35,76.94426037942515,113.26617038253079
L1_P20,1,10,39,62.028494079250684,122.03659864218483
L1_P20,1,11,39,52.84961585068076,123.72515831205834
L1_P20,1,12,36,48.74754358324018,112.75429805953448
L1_P20,1,13,32,55.11301043886177,104.99390087250605
L1_P20,1,14,36,72.95596665903298,112.79892729240309
L1_P20,1,15,37,68.72747828856173,114.57882174696769
L1_P20,1,16,36,65.17031785215593,112.81520619056268
L1_P20,1,17,39,69.98793751293447,114.58873455485345
L1_P20,1,18,39,60.45301307640703,119.25771920996087
L1_P20,1,19,40,46.8635061276035,123.86998396516934
L1_P20,1,20,44,49.16708170339427,141.18011211607256
L2_P01,2,1,29,112.96483231572425,86.37904373127115
L2_P01,2,2,25,96.48417866211354,79.54617354563607
L2_P01,2,3,22,118.50929363319185,72.69066316312514
L2_P01,2,4,18,150.04671083600334,55.569866094106104
L2_P01,2,5,32,104.78845390304905,93.96805859369286
L2_P01,2,6,24,107.53123000235922,76.54110763975815
L2_P01,2,7,26,122.27081640127491,82.77449459188209
L2_P01,2,8,30,114.29594814798139,86.16501977706882
L2_P01,2,9,29,110.99310121919088,85.78060322726083
L2_P01,2,10,19,102.76071738067824,59.15142472811638
L2_P01,2,11,22,109.30118327778072,68.67811568602119
L2_P01,2,12,16,102.8450102780041,60.04909742681444
L2_P01,2,13,20,107.79771325969021,71.2836849624935
L2_P01,2,14,27,113.76516905353711,78.6508324371305
L2_P01,2,15,24,100.95754618145067,83.18864426622527
L2_P01,2,16,19,123.98006762983685,59.200719957512405
L2_P01,2,17,19,114.550391939094,62.238973992026295
L2_P01,2,18,22,112.40351000075718,68.12212231055426
L2_P01,2,19,33,114.74235436939739,90.03871814139688
L2_P01,2,20,31,91.98613419835718,93.50214375319695
L2_P02,2,1,26,100.8037192753276,77.62958619575824
L2_P02,2,2,27,105.59689549504057,84.8612333830903
L2_P02,2,3,28,104.09053391927655,86.81574030721706
L2_P02,2,4,33,81.92096089070156,108.84724531832194
L2_P02,2,5,30,117.47530746706363,89.6203259079479
L2_P02,2,6,25,106.98377984146931,80.03152563735918
L2_P02,2,7,27,89.9700329495325,90.2815903118861
L2_P02,2,8,22,92.79866268713079,79.13193689140839
L2_P02,2,9,28,101.73904641332587,87.15375408819817
L2_P02,2,10,26,103.9530631871504,91.16472457354975
L2_P02,2,11,30,116.01378755291772,89.25362215611204
L2_P02,2,12,31,126.91313140600126,92.4560805018314
L2_P02,2,13,29,107.93881544611808,87.95829801803124
L2_P02,2,14,27,115.44288387946358,89.12031409538722
L2_P02,2,15,28,102.85025631524975,85.06337040114987
L2_P02,2,16,33,100.66498186236976,98.00604208672418
L2_P02,2,17,23,98.93609872841549,85.29716108330116
L2_P02,2,18,30,109.82298737990415,92.21199332970035
L2_P02,2,19,21,100.40380234367638,71.32911031655364
L2_P02,2,20,30,93.82361928333637,90.13109579334272
L2_P03,2,1,29,105.49391260353875,91.86353242334621
L2_P03,2,2,27,92.8083978406261,90.48503987610671
L2_P03,2,3,31,109.52243608835175,86.73131183054832
L2_P03,2,4,33,99.81570302063825,100.43732265646754
L2_P03,2,5,24,109.50588536087268,76.60041820839386
L2_P03,2,6,22,96.98820778410598,75.86031138808148
L2_P03,2,7,22,90.68270357637583,72.55911873044839
L2_P03,2,8,23,117.39837671131279,79.63622298500185
L2_P03,2,9,26,120.84005139316528,73.46060715838466
L2_P03,2,10,34,108.4501115718789,101.40220202514932
L2_P03,2,11,23,124.38728476484727,74.08108661320192
L2_P03,2,12,33,100.33289797893865,95.10618152890828
L2_P03,2,13,29,84.45249653833989,90.99263897286373
L2_P03,2,14,26,115.2376865464762,81.885806506192
L2_P03,2,15,30,102.94176197224404,94.44431234492082
L2_P03,2,16,25,113.6026841722276,78.00325711700786
L2_P03,2,17,22,115.13312670429602,72.79843121719018
L2_P03,2,18,25,101.92264983264668,85.6506308724051
L2_P03,2,19,31,98.9699068265288,97.34217056943599
L2_P03,2,20,27,114.40468915645613,79.67964905551943
L2_P04,2,1,30,93.08352095443976,95.1823653693942
L2_P04,2,2,23,81.0386432182948,81.41107284060432
L2_P04,2,3,22,116.10677972384882,67.70724217568376
L2_P04,2,4,25,94.84223013414301,86.28937498479115
L2_P04,2,5,31,106.13147267587037,97.83191130309861
L2_P04,2,6,22,102.81926462963085,73.29792589319825
L2_P04,2,7,22,85.89054200057453,81.24822225067506
L2_P04,2,8,32,110.04813950882766,96.60193547501747
L2_P04,2,9,23,103.62249204855064,81.16197281277353
L2_P04,2,10,20,95.50381928050145,64.38063616946089
L2_P04,2,11,20,103.3489081044577,73.80023379782949
L2_P04,2,12,20,118.10747553330157,67.62843763751059
L2_P04,2,13,25,107.54826831628111,82.57266129439054
L2_P04,2,14,20,102.83377937591156,75.32930574278896
L2_P04,2,15,21,105.8104085450641,70.45918742599775
L2_P04,2,16,24,110.05672114487771,78.36657006892675
L2_P04,2,17,30,106.95312983701952,90.03798136337846
L2_P04,2,18,37,119.54190282026615,105.97260743618526
L2_P04,2,19,32,99.12784721346323,92.73966475632585
L2_P04,2,20,26,100.46404610976572,83.67221327427809
L2_P05,2,1,25,107.6320577082979,79.60761304410653
L2_P05,2,2,23,98.3416778152428,74.78727932305499
L2_P05,2,3,24,101.80644518858384,77.50480901946493
L2_P05,2,4,30,86.571384664606,88.18194889217642
L2_P05,2,5,19,108.64749835302108,60.06680538483216
L2_P05,2,6,28,96.5170914002909,87.772029151039
L2_P05,2,7,22,100.13263982793666,69.86737561841315
L2_P05,2,8,23,100.87681622841038,70.72828105622051
L2_P05,2,9,34,84.9658391735484,105.35932000911336
L2_P05,2,10,28,97.90060941946454,82.04701346504395
L2_P05,2,11,22,111.50067521135239,72.21250389272808
L2_P05,2,12,26,102.09511115965866,77.68481139167329
L2_P05,2,13,20,98.4111946033788,61.33930082609119
L2_P05,2,14,28,109.68396608601056,82.91256697815489
L2_P05,2,15,23,130.14244049333095,69.29454284921187
L2_P05,2,16,23,107.99900747810649,70.79020848632034
L2_P05,2,17,27,77.9389631354412,83.26817621765511
L2_P05,2,18,24,84.09289125967416,80.50782448830543
L2_P05,2,19,33,89.1320614505562,95.90708705034463
L2_P05,2,20,23,104.13456068645168,67.44707478482162
L2_P06,2,1,32,103.10536211144914,90.7079924201935
L2_P06,2,2,39,87.76676751215464,108.6158763862755
L2_P06,2,3,30,95.18823173230776,82.97804304800397
L2_P06,2,4,27,80.08163328081542,86.72688620907861
L2_P06,2,5,37,121.71971978930182,104.33367185311673
L2_P06,2,6,27,84.4654474063966,85.81315903092171
L2_P06,2,7,24,111.52168359825731,71.77139409421282
L2_P06,2,8,33,97.04466863646331,93.71926607427189
L2_P06,2,9,33,106.56324880535763,95.82264483885751
L2_P06,2,10,25,98.93125652057122,78.50778916357599
L2_P06,2,11,32,94.62757076452942,94.7069999060305
L2_P06,2,12,28,105.83691926542149,83.95922826286525
L2_P06,2,13,31,98.7210793479909,90.4265034201167
L2_P06,2,14,24,65.78958471362549,80.87879023353898
L2_P06,2,15,27,80.65765747174945,84.67447787722335
L2_P06,2,16,28,88.46868035941165,89.78891811968344
L2_P06,2,17,28,104.5790842964112,83.52778730009736
L2_P06,2,18,31,99.22049662309455,91.86894264234172
L2_P06,2,19,32,80.02494787445234,99.55278112184087
L2_P06,2,20,28,115.75510358903723,84.91213757505625
L2_P07,2,1,22,92.47547284581151,72.47388790650008
L2_P07,2,2,29,107.75614076434849,81.81766690031642
L2_P07,2,3,22,97.11272113550633,70.67868715897286
L2_P07,2,4,29,95.78787680231487,87.29408703762482
L2_P07,2,5,21,133.91855591120745,61.73827345964477
L2_P07,2,6,29,98.59960906561884,85.92898826760306
L2_P07,2,7,30,104.12060011781551,92.9175444570257
L2_P07,2,8,27,122.42308079867172,78.46461374808744
L2_P07,2,9,26,107.26210145081718,76.94408768322423
L2_P07,2,10,27,128.92818242246884,73.80921622218304
L2_P07,2,11,30,109.53980864482372,86.08360769997152
L2_P07,2,12,29,116.31546108364861,83.45517433652155
L2_P07,2,13,31,124.00528755810504,90.15922490214359
L2_P07,2,14,25,85.64368662121426,83.62770093054242
L2_P07,2,15,28,83.59524356864632,84.73498188453578
L2_P07,2,16,25,96.07239859698016,80.71859353647312
L2_P07,2,17,20,102.99185812586167,62.04378049489879
L2_P07,2,18,25,86.30061823009947,82.7295643166017
L2_P07,2,19,23,83.77413822129353,77.88535836787476
L2_P07,2,20,22,115.55223697082816,66.06104245801181
L2_P08,2,1,30,116.47559772706136,89.94457348091353
L2_P08,2,2,29,97.1124924914221,87.58792822161034
L2_P08,2,3,23,122.42142664386883,72.30899346627847
L2_P08,2,4,16,105.4003847809873,55.64908756600846
L2_P08,2,5,20,125.11610651215454,60.658833894262855
L2_P08,2,6,25,94.83519175470107,82.60372556606734
L2_P08,2,7,21,108.64848025336669,72.2551937575128
L2_P08,2,8,18,97.01464183493151,62.57019579020073
L2_P08,2,9,26,103.73819987733606,81.23312189005956
L2_P08,2,10,26,96.64280956929146,87.50019516074246
L2_P08,2,11,24,114.8392936249827,73.07934492535857
L2_P08,2,12,23,107.36962106857781,70.5919537453662
L2_P08,2,13,27,124.42230318293429,80.70699776581527
L2_P08,2,14,15,92.01205372122607,53.49207107236086
L2_P08,2,15,30,119.02852427759754,84.48467834719483
L2_P08,2,16,15,102.91102404044861,53.18698455955702
L2_P08,2,17,24,107.20187188591545,71.84217572358482
L2_P08,2,18,15,97.22588766810581,60.48223114955156
L2_P08,2,19,19,108.49002489467487,61.2987844423851
L2_P08,2,20,24,123.95240474541673,75.23414242129661
L2_P09,2,1,31,88.34589701404386,92.62177080914434
L2_P09,2,2,26,102.30600175167655,82.97564723859145
L2_P09,2,3,25,95.45041775494916,83.3629315545637
L2_P09,2,4,30,109.58477562564896,83.72912567804546
L2_P09,2,5,27,119.62344690133858,79.99731677042055
L2_P09,2,6,27,104.18500979123988,79.50853045533688
L2_P09,2,7,34,85.48873751542638,103.73636079549915
L2_P09,2,8,21,104.19520002890005,67.78898981309544
L2_P09,2,9,26,94.73045187324679,83.3702813680655
L2_P09,2,10,30,100.98429604764269,86.49291389242188
L2_P09,2,11,21,98.41786774733622,75.21006619866189
L2_P09,2,12,27,113.03846607249434,81.9925149545195
L2_P09,2,13,32,100.4379607897122,95.0851122344396
L2_P09,2,14,30,112.83603458347199,90.51615422034656
L2_P09,2,15,22,119.36486510994166,76.7640611675718
L2_P09,2,16,29,115.37605304641578,80.9481047526206
L2_P09,2,17,27,109.40869006924902,79.20893344246932
L2_P09,2,18,30,86.83360430330518,94.07250925805563
L2_P09,2,19,30,81.89194220233166,98.8615976871239
L2_P09,2,20,28,112.95305702616184,85.42626779554536
L2_P10,2,1,30,113.86953055850257,85.10773975450552
L2_P10,2,2,17,83.89506710653068,60.00495888408749
L2_P10,2,3,27,112.07494261543164,78.76327923275028
L2_P10,2,4,27,102.0417014852434,74.36898546559696
L2_P10,2,5,30,80.23174948538421,95.23999718248717
L2_P10,2,6,27,94.4028045341242,82.96212031980225
L2_P10,2,7,22,116.98066493697803,65.65420842684806
L2_P10,2,8,24,99.00852856707773,74.78978375419887
L2_P10,2,9,31,99.4584244120028,88.7723302657677
L2_P10,2,10,19,84.70509603719287,62.508881016675126
L2_P10,2,11,29,124.42041385234508,77.11341859471186
L2_P10,2,12,24,104.38342806927669,75.19151392311804
L2_P10,2,13,32,99.58841707673295,88.51516347515378
L2_P10,2,14,26,115.15442823663993,76.56390734166877
L2_P10,2,15,28,105.93248524365873,81.65813236695621
L2_P10,2,16,22,117.71831867235699,65.93112751367627
L2_P10,2,17,26,91.43443479945695,81.7097764646082
L2_P10,2,18,26,129.0686712538574,71.24735220606536
L2_P10,2,19,21,99.32720297105253,65.76111676583972
L2_P10,2,20,25,112.38005129460609,77.30294647347792
L2_P11,2,1,22,133.7171502896122,58.03272442507161
L2_P11,2,2,22,89.273667021707,70.17535662811086
L2_P11,2,3,19,122.0975660570846,60.922682338685
L2_P11,2,4,26,106.58955038941421,79.23278491813437
L2_P11,2,5,17,119.5549542336687,57.06253440685946
L2_P11,2,6,23,89.10911604796405,72.54044578834025
L2_P11,2,7,23,103.58769670819609,70.44588693812035
L2_P11,2,8,25,124.10361604918438,68.51225842365258
L2_P11,2,9,33,79.7848400111604,104.85128126484356
L2_P11,2,10,25,109.96844978533437,75.79601752052481
L2_P11,2,11,23,96.70580955494825,73.99332769132505
L2_P11,2,12,19,126.36993399227009,61.234042187575184
L2_P11,2,13,19,123.05432345536272,59.6772156334711
L2_P11,2,14,17,102.15218781276315,54.92832571794593
L2_P11,2,15,30,126.8657344689833,81.05616668580625
L2_P11,2,16,31,80.72516156301975,92.92760205040145
L2_P11,2,17,20,106.3164805125134,70.1293136196954
L2_P11,2,18,24,104.63138001906331,74.19145654079998
L2_P11,2,19,20,91.98703537915009,66.64614942358537
L2_P11,2,20,25,95.33437245814315,75.94872686807507
L2_P12,2,1,30,95.27130405850308,94.61688492636534
L2_P12,2,2,19,114.65001397183372,68.91776140312687
L2_P12,2,3,19,92.52556833373919,68.84427257785387
L2_P12,2,4,28,108.77476143735326,86.78368157671751
L2_P12,2,5,22,103.20417871491236,68.4969673061444
L2_P12,2,6,30,105.75599207118364,90.9471492664626
L2_P12,2,7,27,88.45079529431425,85.66092634338241
L2_P12,2,8,19,108.60100854154489,64.20951233234601
L2_P12,2,9,22,94.48261768241044,79.91434560061714
L2_P12,2,10,29,114.991438364733,89.87681786930492
L2_P12,2,11,24,103.76432485867127,73.16846398228174
L2_P12,2,12,30,121.08049769916767,87.58844710374746
L2_P12,2,13,29,124.73289676845023,84.18877942818246
L2_P12,2,14,26,89.78420578865024,80.3167106722837
L2_P12,2,15,29,85.27314269843167,92.38157859450904
L2_P12,2,16,33,93.28309469944736,102.27649772572663
L2_P12,2,17,30,117.00394566857179,87.21749530004283
L2_P12,2,18,26,93.39097999261897,84.1147466657305
L2_P12,2,19,20,88.50283359355426,72.61299991510558
L2_P12,2,20,29,95.20279399862805,96.35804124011779
L2_P13,2,1,26,104.50912016708551,85.38678963070294
L2_P13,2,2,35,100.6250829349132,109.94788253776902
L2_P13,2,3,25,81.56776687777868,86.09681520002943
L2_P13,2,4,33,97.81639424324447,97.3951147087518
L2_P13,2,5,33,81.39379567257583,97.99884335341363
L2_P13,2,6,29,104.65362188019895,91.73129399880044
L2_P13,2,7,29,88.88876935253174,90.96772952608609
L2_P13,2,8,31,84.76580621029703,102.92164231997064
L2_P13,2,9,29,90.26502411076763,92.12804612381343
L2_P13,2,10,39,105.4652601211937,112.04699776048031
L2_P13,2,11,23,88.45025740635708,78.35715382701095
L2_P13,2,12,34,105.83904066437783,99.00494346707023
L2_P13,2,13,20,109.52794227861772,61.254571059382414
L2_P13,2,14,31,108.01366789973619,95.64375007182595
L2_P13,2,15,35,91.48996224288793,103.83130205984064
L2_P13,2,16,32,101.54212883893845,93.67994393941599
L2_P13,2,17,33,91.08365913930098,101.00041596656521
L2_P13,2,18,27,87.19580579164744,91.47683011317861
L2_P13,2,19,18,89.0134692563829,71.65028043294163
L2_P13,2,20,26,95.95390067687983,79.21349306875376
L2_P14,2,1,31,69.46960423624773,105.25872772114482
L2_P14,2,2,25,111.69102406055147,81.25545883749427
L2_P14,2,3,26,98.90913297379345,83.68058665400538
L2_P14,2,4,24,110.26403608740006,75.32116142875249
L2_P14,2,5,31,89.74998332608234,99.37889347874138
L2_P14,2,6,31,117.83243465802053,91.02791556797564
L2_P14,2,7,25,141.67028164602763,76.38112836789561
L2_P14,2,8,20,92.36230897527908,73.60505626984816
L2_P14,2,9,28,99.36231735150137,85.89900311873002
L2_P14,2,10,26,89.45036140054609,85.18972734299489
L2_P14,2,11,21,104.53883307949381,70.58402169711556
L2_P14,2,12,23,81.88984179982926,74.72942626819723
L2_P14,2,13,30,90.11877282734959,94.43642178634693
L2_P14,2,14,21,88.10631746802298,72.20069479158082
L2_P14,2,15,23,102.60372147901377,72.66645894738227
L2_P14,2,16,23,114.13359494142473,71.40109096012692
L2_P14,2,17,27,135.26943665016788,77.08784832181753
L2_P14,2,18,32,84.7417354023793,102.66159046528225
L2_P14,2,19,28,121.29662640349449,84.38427946011153
L2_P14,2,20,18,111.86771911197408,63.197628432484116
L2_P15,2,1,29,123.87997678535677,89.05935516004209
L2_P15,2,2,19,93.88604652342124,67.8759424946857
L2_P15,2,3,19,98.78698171381392,69.26935828403937
L2_P15,2,4,28,102.73616977651407,91.03203903427186
L2_P15,2,5,22,105.17431533680171,79.1827204761165
L2_P15,2,6,22,117.56860930908856,75.77014373398788
L2_P15,2,7,21,106.91806013145728,78.14592287056433
L2_P15,2,8,22,100.87232042131443,81.64522668168657
L2_P15,2,9,28,79.15974253496015,89.33269405995604
L2_P15,2,10,30,112.89762311865377,94.59877706307154
L2_P15,2,11,28,105.07785475926822,94.59687928303593
L2_P15,2,12,30,105.13571666899492,95.55296934590352
L2_P15,2,13,29,113.15330796028559,90.01888970355394
L2_P15,2,14,20,115.50330884215248,66.04114745848365
L2_P15,2,15,23,111.72101497987768,79.95359525653012
L2_P15,2,16,18,106.27556981564186,64.2335724068794
L2_P15,2,17,27,103.21457705533362,83.82515580396178
L2_P15,2,18,23,104.02338195442113,82.67507609056045
L2_P15,2,19,23,110.41706453087863,76.03018145689965
L2_P15,2,20,22,108.21384003472171,73.01880912929413
L2_P16,2,1,26,99.7080602987855,81.17100596586923
L2_P16,2,2,27,98.49457900167812,80.88783015763029
L2_P16,2,3,32,114.95386020159765,95.93296203985237
L2_P16,2,4,24,100.44314991766088,87.45004178048038
L2_P16,2,5,29,90.75906348793835,90.21719246774356
L2_P16,2,6,30,112.98997362116349,91.72052851667439
L2_P16,2,7,29,101.48002409139029,90.18001812194007
L2_P16,2,8,33,101.84108485011092,95.32568811627314
L2_P16,2,9,30,125.25162625276174,87.64406057054454
L2_P16,2,10,22,86.09557250680761,75.91851684395056
L2_P16,2,11,31,109.14262456163482,96.52914128019181
L2_P16,2,12,23,113.04273268754467,69.897050433216
L2_P16,2,13,27,87.20210011027987,82.85199445050256
L2_P16,2,14,20,122.91544699528939,69.88871907187156
L2_P16,2,15,28,116.985630992115,85.62753919510786
L2_P16,2,16,27,105.52833023910287,84.60986518137145
L2_P16,2,17,31,95.09412253172452,95.48651996914617
L2_P16,2,18,24,116.88619322432166,74.44480341905353
L2_P16,2,19,28,116.85643579638779,86.51957933758638
L2_P16,2,20,28,101.71197809155356,85.65821131370453
L2_P17,2,1,35,106.09218553254834,97.8025656868482
L2_P17,2,2,16,113.149995089632,54.902175515045876
L2_P17,2,3,28,77.77619716650236,94.32560984905935
L2_P17,2,4,31,102.59536136275864,91.59723165716251
L2_P17,2,5,28,76.670100459516,94.15877240127723
L2_P17,2,6,26,119.7822977971463,77.90840738581268
L2_P17,2,7,17,113.34461523509856,62.459330001655175
L2_P17,2,8,24,100.06181470882181,79.05742164766036
L2_P17,2,9,28,119.0300923989993,84.9652338876514
L2_P17,2,10,27,92.23149138985448,85.96565479946005
L2_P17,2,11,27,112.11090730993693,85.79541784568066
L2_P17,2,12,29,100.78033872567993,89.9398740916388
L2_P17,2,13,22,94.0625653591059,74.18827224302527
L2_P17,2,14,28,78.75994753820008,89.3253370630762
L2_P17,2,15,25,94.21994729438674,79.25314710165212
L2_P17,2,16,34,98.95859336224477,107.20226452507083
L2_P17,2,17,25,85.98282588014499,81.80112163523079
L2_P17,2,18,23,99.2185834571008,74.04506843626754
L2_P17,2,19,25,103.80250328011766,84.32769403878659
L2_P17,2,20,24,104.96716414062759,81.86163886164407
L2_P18,2,1,36,91.65964154051275,106.05299571262812
L2_P18,2,2,31,78.04012269612136,96.83444012609768
L2_P18,2,3,34,104.55233511281328,101.03297378789064
L2_P18,2,4,37,109.69518520376513,111.78995906963033
L2_P18,2,5,39,99.11689885887081,112.21590660745898
L2_P18,2,6,33,94.1455385792824,103.30066303583516
L2_P18,2,7,33,90.18444020887472,97.67393127769598
L2_P18,2,8,28,91.33954241478646,92.28456609637335
L2_P18,2,9,33,100.66747839654045,99.76920390487895
L2_P18,2,10,36,93.67901960562706,108.71923879079367
L2_P18,2,11,31,80.31927129413663,94.59964273537683
L2_P18,2,12,24,90.20267438215106,83.08330686190394
L2_P18,2,13,26,98.5520169493549,86.23792365910167
L2_P18,2,14,37,97.3235489601067,107.44433320748352
L2_P18,2,15,31,92.91581843812114,94.56787972890835
L2_P18,2,16,29,106.42409569793617,88.88011775800096
L2_P18,2,17,30,96.53389972737969,100.97144237740864
L2_P18,2,18,35,91.24077876434725,105.87490700230789
L2_P18,2,19,35,102.02574293630374,109.63365767914898
L2_P18,2,20,33,100.8081567884696,102.27996049614754
L2_P19,2,1,26,90.16991604101739,90.50227829013284
L2_P19,2,2,24,97.33893495203661,81.96427989029223
L2_P19,2,3,24,91.59181921629687,74.1134098985685
L2_P19,2,4,24,128.71222212752255,75.06681414492009
L2_P19,2,5,19,94.49964484863476,71.8616130145314
L2_P19,2,6,20,112.25822917208744,70.09342747325132
L2_P19,2,7,18,120.273757087303,60.50415310483032
L2_P19,2,8,30,113.24091194326677,88.32621372985291
L2_P19,2,9,25,109.00397070923411,80.75876461937565
L2_P19,2,10,20,100.85833112074606,72.04112190068791
L2_P19,2,11,24,109.63845219700264,78.90712973998554
L2_P19,2,12,28,103.58526275908424,85.40502305569218
L2_P19,2,13,20,94.8744531761879,68.41291867230514
L2_P19,2,14,26,93.83896308479606,82.92405636861105
L2_P19,2,15,26,122.59691285605778,79.64848793238774
L2_P19,2,16,25,103.77221020133412,82.26260295309855
L2_P19,2,17,27,115.94312028830738,86.69927536793392
L2_P19,2,18,27,100.82225091529138,80.92195191458006
L2_P19,2,19,22,114.19325201391501,72.81273968204945
L2_P19,2,20,22,102.19218911110401,70.37393171798254
L2_P20,2,1,29,110.57355432577563,86.32560753687177
L2_P20,2,2,19,97.51782600776252,67.19750083889875
L2_P20,2,3,28,101.42492867042712,85.7371974817132
L2_P20,2,4,22,120.9080442282375,64.0969279848733
L2_P20,2,5,29,96.38671897982663,87.25893420843352
L2_P20,2,6,30,91.4312810757507,92.67113382091625
L2_P20,2,7,28,104.84150533242915,86.36599430560406
L2_P20,2,8,30,95.37032864096578,92.0206590215676
L2_P20,2,9,34,110.21909324081946,91.51648521875043
L2_P20,2,10,35,103.16608726874243,100.79900671562271
L2_P20,2,11,26,85.32187447179315,76.61054874968059
L2_P20,2,12,25,99.2614666636097,76.02023043845834
L2_P20,2,13,23,110.0787481220709,66.65373197133995
L2_P20,2,14,22,100.2993896549232,72.51238271873594
L2_P20,2,15,21,108.51778184108761,62.625192350815595
L2_P20,2,16,30,91.49799096936391,90.9452363095186
L2_P20,2,17,26,82.01489941412548,81.71639049791406
L2_P20,2,18,22,127.91481737352285,65.75006425900261
L2_P20,2,19,22,88.63663363518636,71.3282770679615
L2_P20,2,20,32,92.54032488114737,95.09386005953084
L3_P01,3,1,12,144.27748810926462,37.29903330153921
L3_P01,3,2,13,118.81460513287645,41.08663297637603
L3_P01,3,3,14,129.68289477482833,41.00975830218111
L3_P01,3,4,8,147.80356169606839,26.56053582987657
L3_P01,3,5,13,164.68306236492816,32.29208399286503
L3_P01,3,6,18,150.76743985361935,44.665739332097075
L3_P01,3,7,12,154.6262184789241,35.00176040727972
L3_P01,3,8,14,149.80383696009739,33.01954659445719
L3_P01,3,9,14,148.2736773842337,40.5627129787469
L3_P01,3,10,18,150.9702689002867,54.45579334346924
L3_P01,3,11,13,153.0302946090709,38.91597860876106
L3_P01,3,12,15,131.43343384034452,45.189297196538334
L3_P01,3,13,19,145.62326569942744,52.38345788679326
L3_P01,3,14,13,123.38990816831574,44.623703671440595
L3_P01,3,15,12,156.54580723842608,34.4868970601272
L3_P01,3,16,13,160.87369572752345,30.200425562072226
L3_P01,3,17,11,151.23002922249876,35.031170778516554
L3_P01,3,18,10,135.94654426206733,33.091839681550695
L3_P01,3,19,7,141.58938820091515,29.271562302162955
L3_P01,3,20,15,159.5683380045411,35.669141876391656
L3_P02,3,1,26,127.61775332084841,68.9878589872968
L3_P02,3,2,24,120.96064364612187,66.93816293249219
L3_P02,3,3,17,115.08221830672241,62.092378832808876
L3_P02,3,4,17,116.77947932206978,55.957836701193266
L3_P02,3,5,15,139.37573396583937,45.175970443065545
L3_P02,3,6,22,131.105039766836,65.1601690681389
L3_P02,3,7,26,117.04154906146319,76.67992280750673
L3_P02,3,8,15,142.15849723315318,44.68023115668049
L3_P02,3,9,19,155.60139404603564,52.55751967423279
L3_P02,3,10,18,139.18269943813291,57.721454070219245
L3_P02,3,11,13,154.80820396750826,38.89526386934792
L3_P02,3,12,27,146.0460989023661,76.59849788042364
L3_P02,3,13,25,134.7990291662823,65.71235924294653
L3_P02,3,14,25,131.34639356269247,71.32111647173582
L3_P02,3,15,21,104.77043966461736,65.83804601789936
L3_P02,3,16,18,103.09097840045128,62.38310538061155
L3_P02,3,17,22,132.09065687661143,65.7565990322258
L3_P02,3,18,18,152.9619942588505,49.04551968668123
L3_P02,3,19,24,142.19216783048242,66.91255680634177
L3_P02,3,20,26,128.8318319343407,79.82456886919701
L3_P03,3,1,13,165.99384900253133,36.652016029854515
L3_P03,3,2,14,117.88855770806997,50.325611828582794
L3_P03,3,3,13,126.53234584806746,48.789764969612335
L3_P03,3,4,26,131.95261004370337,76.70388142051513
L3_P03,3,5,21,138.8374065443668,55.388878505570545
L3_P03,3,6,22,132.97407559481928,67.58129221988241
L3_P03,3,7,23,148.60839705921148,62.9896605456837
L3_P03,3,8,22,134.18550968040108,59.2410317454372
L3_P03,3,9,15,133.96283430552137,49.87132288590546
L3_P03,3,10,19,138.88740417936702,55.95562825184279
L3_P03,3,11,20,136.0753636755265,55.36135208806395
L3_P03,3,12,19,138.56363041221115,57.2728539297776
L3_P03,3,13,23,147.80821728725994,63.18864988443419
L3_P03,3,14,21,129.86546975428698,65.10828093460218
L3_P03,3,15,18,137.60824771820975,55.38049008391339
L3_P03,3,16,21,134.46771718082093,58.09649278241582
L3_P03,3,17,21,136.51006048864852,60.50406676240917
L3_P03,3,18,21,124.38175914639204,60.02831956347443
L3_P03,3,19,13,149.09187818043418,42.325288429490996
L3_P03,3,20,16,106.91002043573421,54.68634211232054
L3_P04,3,1,16,112.4874481417683,53.77494217122779
L3_P04,3,2,18,154.75764780787273,51.878778413508044
L3_P04,3,3,22,109.79069936821665,68.17367048847024
L3_P04,3,4,14,126.85855457431771,48.643474810437
L3_P04,3,5,14,141.71527198377865,47.08883297415556
L3_P04,3,6,17,147.59200181637533,55.77011395992491
L3_P04,3,7,8,128.97319045151096,35.87212798098957
L3_P04,3,8,16,149.2401046165072,51.483849677349994
L3_P04,3,9,20,146.12458993196472,58.99584387942297
L3_P04,3,10,16,139.98359140642683,47.759672248671585
L3_P04,3,11,14,116.63226601003154,49.59946082814056
L3_P04,3,12,24,156.48406999330894,67.59535446585363
L3_P04,3,13,14,166.78343262730675,44.934679148862365
L3_P04,3,14,23,125.33648089180336,71.10745857900496
L3_P04,3,15,28,164.27957715743747,75.84399376746435
L3_P04,3,16,16,129.57089727939658,48.65697410109676
L3_P04,3,17,17,153.64135671262238,48.25760024110714
L3_P04,3,18,17,152.49611511010244,50.27443848354724
L3_P04,3,19,13,159.0614178143524,37.33538010420508
L3_P04,3,20,20,143.4365673588452,57.23867780385096
L3_P05,3,1,14,132.4039343261499,46.560991046586196
L3_P05,3,2,16,132.96553787333048,49.631018304594484
L3_P05,3,3,19,131.00543108463157,53.1992534859103
L3_P05,3,4,6,158.06251946859211,25.079803984833127
L3_P05,3,5,9,111.86686707608513,33.986641028101154
L3_P05,3,6,12,161.45251610506452,35.700789422530825
L3_P05,3,7,8,137.45860926239664,30.179954799332794
L3_P05,3,8,14,142.99703301035012,48.285992334057134
L3_P05,3,9,13,156.2355604674705,42.72547295184601
L3_P05,3,10,9,158.1524529946134,26.71318365436396
L3_P05,3,11,14,135.73687203642152,46.181299454685195
L3_P05,3,12,10,137.61145999955752,40.22987205342248
L3_P05,3,13,11,157.17591455708754,36.94538716623282
L3_P05,3,14,16,160.67162919524472,48.696173702692676
L3_P05,3,15,16,165.31158272366244,45.24003713035657
L3_P05,3,16,13,150.2596874470557,42.54115513172536
L3_P05,3,17,11,166.34718444818355,31.893702376919908
L3_P05,3,18,20,126.11274579180588,61.51374460028209
L3_P05,3,19,14,142.06291812393175,43.61105985195678
L3_P05,3,20,13,144.4017468062103,43.94661516612652
L3_P06,3,1,17,132.88660056653367,50.46679087165944
L3_P06,3,2,21,148.22282913210933,58.53993702084707
L3_P06,3,3,14,132.88463643995232,46.113703837826236
L3_P06,3,4,23,129.85374389025452,62.73800112727745
L3_P06,3,5,19,156.7233978493647,53.07302252854142
L3_P06,3,6,26,107.30395503879168,74.43758489952819
L3_P06,3,7,14,152.65465004068233,42.99020069289727
L3_P06,3,8,13,122.89331835269154,45.36925123243454
L3_P06,3,9,15,129.96788261481265,50.03095869119593
L3_P06,3,10,13,135.52056098098348,44.30536467423515
L3_P06,3,11,10,124.69010051327645,35.685619566110404
L3_P06,3,12,21,143.9849531620087,61.685036822371046
L3_P06,3,13,20,144.76889046468074,58.99560389915453
L3_P06,3,14,21,131.74209516684522,62.17348777591202
L3_P06,3,15,18,149.45634277137071,55.87715934676169
L3_P06,3,16,18,112.5643829174557,63.26848995017798
L3_P06,3,17,14,156.50640716886872,43.04629042371424
L3_P06,3,18,11,130.95583323088945,36.20861984891612
L3_P06,3,19,18,119.4123019335808,56.895429158995675
L3_P06,3,20,15,115.04475562193005,48.072767479583824
L3_P07,3,1,10,134.6751178381627,36.7278491567479
L3_P07,3,2,9,166.8549818417746,26.992907675526773
L3_P07,3,3,9,158.9691113689037,28.529021363809353
L3_P07,3,4,10,149.65174449217557,31.941007983543532
L3_P07,3,5,17,144.5721768235742,45.02480663745709
L3_P07,3,6,13,140.69091363946606,43.27057354758591
L3_P07,3,7,17,144.70085296279908,48.18838163068787
L3_P07,3,8,11,152.70802815351877,32.383061734634474
L3_P07,3,9,22,143.98620464441825,64.80117988331126
L3_P07,3,10,11,148.34901524643158,38.25255628520858
L3_P07,3,11,24,115.03328370568028,65.3307957128425
L3_P07,3,12,15,153.3087584907391,44.52585430814232
L3_P07,3,13,15,147.46433426020803,46.53615175106499
L3_P07,3,14,18,140.26571347583004,51.38661650942902
L3_P07,3,15,20,145.0289824758035,56.261086830173355
L3_P07,3,16,22,135.68523216696732,61.16623020944316
L3_P07,3,17,26,127.51490204132355,68.26304362796672
L3_P07,3,18,14,152.83400857050106,31.883699363709248
L3_P07,3,19,16,167.30708503977334,45.3228669068974
L3_P07,3,20,18,151.5327315995298,47.698118651067205
L3_P08,3,1,14,156.53507910238423,44.082025767258386
L3_P08,3,2,13,171.0951496890638,38.01699789382288
L3_P08,3,3,20,128.46447941113104,61.701112688736565
L3_P08,3,4,11,131.48326564749826,38.71010108468115
L3_P08,3,5,20,146.2138792498759,58.486663424786144
L3_P08,3,6,8,128.87200375832077,34.195570450262984
L3_P08,3,7,5,151.5701657217478,23.850295120660363
L3_P08,3,8,19,138.94699665577554,63.434019640296206
L3_P08,3,9,13,153.63669595062777,40.84525609484961
L3_P08,3,10,14,124.70324044999133,48.17485430541834
L3_P08,3,11,15,166.5863824954737,43.31045302122024
L3_P08,3,12,21,132.32599278755632,58.382269024401886
L3_P08,3,13,7,150.14181298337974,34.803266601222234
L3_P08,3,14,8,144.46891704399533,32.78157945278601
L3_P08,3,15,15,149.98611985952311,46.20870643252614
L3_P08,3,16,12,141.69710330180075,42.07637122719999
L3_P08,3,17,15,152.72231535179702,47.74359504308004
L3_P08,3,18,11,153.06764212967832,32.13876668003203
L3_P08,3,19,15,136.53699105208105,42.87459651314152
L3_P08,3,20,9,154.49353766146945,37.48688335445232
L3_P09,3,1,19,128.90660730407686,55.96180028110662
L3_P09,3,2,12,125.20709015891522,41.59003537387308
L3_P09,3,3,21,146.44150116927977,55.174981838028415
L3_P09,3,4,19,138.87918833212225,51.3769971898397
L3_P09,3,5,14,124.96967438812639,46.122410180279594
L3_P09,3,6,16,122.13322089000773,49.63576512886832
L3_P09,3,7,17,130.64858200260727,52.72343037524142
L3_P09,3,8,19,120.22389442256282,54.658186065142104
L3_P09,3,9,17,144.79618478345594,44.029128506675086
L3_P09,3,10,18,120.48498912239359,56.28479766150915
L3_P09,3,11,18,141.56562527552703,51.64071691051017
L3_P09,3,12,13,150.05775731777635,41.78273892921376
L3_P09,3,13,19,138.45112691690053,54.75952269077224
L3_P09,3,14,20,143.22687301645925,55.21741867108095
L3_P09,3,15,16,138.59162331757295,46.19684305661486
L3_P09,3,16,15,162.26435485363777,42.6625426475482
L3_P09,3,17,10,106.9556141410892,33.78033112096368
L3_P09,3,18,29,116.6740796856298,82.84749123539143
L3_P09,3,19,17,137.65681436203613,45.94914476735629
L3_P09,3,20,19,146.77378002256552,56.14993705217041
L3_P10,3,1,13,147.38767924897877,46.699170300135485
L3_P10,3,2,13,163.14276228418524,46.41982704712944
L3_P10,3,3,21,124.30703788614267,69.64111890827407
L3_P10,3,4,14,116.71343347047352,55.005555216857545
L3_P10,3,5,16,151.63340322081842,55.5714932362037
L3_P10,3,6,20,145.51848834605528,58.127042518633125
L3_P10,3,7,12,114.44468494648417,46.99418870558488
L3_P10,3,8,18,151.83950505798242,54.713417588711295
L3_P10,3,9,14,155.21825441071354,47.59603312995929
L3_P10,3,10,15,133.79668698230276,53.595919441305796
L3_P10,3,11,18,156.1931185126918,58.445758603664714
L3_P10,3,12,11,140.17292771340527,40.85393166933989
L3_P10,3,13,19,143.52377904415167,54.250521856853084
L3_P10,3,14,17,141.36306775401684,60.05108536557255
L3_P10,3,15,16,132.27980200254856,52.26879618352179
L3_P10,3,16,17,132.45061306802455,60.84735927971209
L3_P10,3,17,20,150.23705521690508,59.74414069643761
L3_P10,3,18,7,150.47519294707024,34.35729414221083
L3_P10,3,19,17,136.15879947886097,51.95614021739533
L3_P10,3,20,10,122.67942617084768,44.879181223110166
L3_P11,3,1,12,153.34835054614118,37.301145231083325
L3_P11,3,2,10,126.86441238899927,34.78856722033323
L3_P11,3,3,11,148.39924810152863,31.58947494175528
L3_P11,3,4,10,135.57469127402922,38.87283307955786
L3_P11,3,5,20,139.31879116168105,59.51251397137145
L3_P11,3,6,14,138.454192638921,47.5274063269066
L3_P11,3,7,25,152.4755599712209,65.35495216124386
L3_P11,3,8,19,141.37753727495988,60.07130945708563
L3_P11,3,9,15,139.1412683000644,45.966512278163705
L3_P11,3,10,20,127.01194831500312,57.64453345059984
L3_P11,3,11,17,149.6004726493724,45.33853372001922
L3_P11,3,12,14,174.76040248828446,40.26423344430515
L3_P11,3,13,18,126.63743867306782,60.540153123048576
L3_P11,3,14,11,151.8924016016478,29.77332378941546
L3_P11,3,15,15,138.8035711209162,43.53412690211136
L3_P11,3,16,10,114.48815139446253,39.51529720325808
L3_P11,3,17,13,138.0164356694766,42.527495683435745
L3_P11,3,18,11,127.49052999929549,36.29362326863911
L3_P11,3,19,15,133.954604127578,46.10632048742487
L3_P11,3,20,8,123.14325213232473,30.661601303607675
L3_P12,3,1,16,146.5436162194789,55.952392093635545
L3_P12,3,2,13,115.91228284532798,52.57511557819734
L3_P12,3,3,10,128.5408385655183,42.62643208400215
L3_P12,3,4,14,145.66683262744698,53.53935408776937
L3_P12,3,5,18,120.61358127878796,67.79835052251964
L3_P12,3,6,14,152.10090170543242,54.64786986195775
L3_P12,3,7,20,142.32639435321448,63.02437261035486
L3_P12,3,8,16,163.29110340939042,52.92482091851211
L3_P12,3,9,10,153.8032471164207,42.96986235433176
L3_P12,3,10,20,119.76470092251608,67.54140080530338
L3_P12,3,11,17,124.97931761157177,62.65397009489973
L3_P12,3,12,22,108.69796756140741,71.61335306539154
L3_P12,3,13,17,152.69033618407957,52.640573267619196
L3_P12,3,14,21,163.74100259863627,61.77588841775213
L3_P12,3,15,16,160.51146321563368,53.67602813719347
L3_P12,3,16,17,154.5618585818512,53.57415881606765
L3_P12,3,17,13,139.76976581666457,53.054911038337124
L3_P12,3,18,17,143.70597118369525,52.600669575071265
L3_P12,3,19,17,129.01610113062335,54.11318861378221
L3_P12,3,20,22,152.0136124998893,65.41063977826424
L3_P13,3,1,17,133.42364954543342,54.18558769912772
L3_P13,3,2,17,131.28664277380759,57.435988334742596
L3_P13,3,3,8,154.84189541997873,31.642768937253877
L3_P13,3,4,23,151.8383739815817,59.26872803670723
L3_P13,3,5,11,145.83301935600656,37.58769990444411
L3_P13,3,6,15,154.30063969848135,49.317591226374034
L3_P13,3,7,20,124.1163998280458,60.94040274407859
L3_P13,3,8,14,166.2233599232997,50.48518151617877
L3_P13,3,9,24,126.2276082881242,66.62293600989449
L3_P13,3,10,29,126.64170482009783,78.78284934307703
L3_P13,3,11,19,114.10776259653056,55.80001398831274
L3_P13,3,12,13,131.0094909874091,39.470581617641464
L3_P13,3,13,12,146.78506218393613,36.17204969235968
L3_P13,3,14,20,157.94441156004655,55.64829836150762
L3_P13,3,15,21,120.54364447568298,62.16599093415536
L3_P13,3,16,13,113.14580990852618,54.27428325622163
L3_P13,3,17,21,143.6775532741485,63.300950447827084
L3_P13,3,18,22,143.20649528965572,59.488604106928335
L3_P13,3,19,19,151.38936515296848,56.929274690091546
L3_P13,3,20,14,125.44209104740581,49.229339985893375
L3_P14,3,1,23,161.352717376123,60.24463700209591
L3_P14,3,2,20,143.6217460564729,62.75932279608799
L3_P14,3,3,23,117.98996229421115,72.5088186788063
L3_P14,3,4,22,135.7991584411596,61.290609572642275
L3_P14,3,5,23,124.30966703512027,70.94584402703877
L3_P14,3,6,18,134.773781196544,56.14282112336884
L3_P14,3,7,21,128.40290778734536,60.2814878826723
L3_P14,3,8,18,134.20295340082131,56.63427042244731
L3_P14,3,9,16,136.47847763310236,46.89079998834187
L3_P14,3,10,19,123.11210307528012,56.2283828461752
L3_P14,3,11,20,108.31410285251852,58.662878222855774
L3_P14,3,12,11,120.54103133557966,45.98659040754531
L3_P14,3,13,18,166.39399908456528,49.00622797141849
L3_P14,3,14,15,139.56820275761135,45.019720032194066
L3_P14,3,15,21,147.6502618111583,53.03609239900141
L3_P14,3,16,17,123.49358532620246,51.50492767355755
L3_P14,3,17,23,116.34543240480755,66.14501396739188
L3_P14,3,18,16,141.66062320012014,51.75564047264494
L3_P14,3,19,21,119.43514913316656,64.00974171532357
L3_P14,3,20,18,130.2912053904707,60.149274609142374
L3_P15,3,1,15,143.4086311193533,45.21074150600161
L3_P15,3,2,9,150.04795809053567,31.308810975817067
L3_P15,3,3,15,114.06021787262205,54.94314763358886
L3_P15,3,4,17,126.79291226090042,45.30939831103679
L3_P15,3,5,13,134.21128080764933,39.45276936543547
L3_P15,3,6,4,149.93673838067022,16.14946185047093
L3_P15,3,7,11,150.0540208057148,31.56947824786296
L3_P15,3,8,14,149.1242681027642,38.002957736908755
L3_P15,3,9,10,131.40796337466398,37.872641020887556
L3_P15,3,10,10,155.7359950544846,28.818091921994416
L3_P15,3,11,13,153.96670873064735,34.93894380745265
L3_P15,3,12,13,142.8621598284225,35.25903498204134
L3_P15,3,13,11,128.26893266628582,33.64291743706054
L3_P15,3,14,13,150.1810325975574,36.769005972711554
L3_P15,3,15,9,135.0728642610434,28.493465080668287
L3_P15,3,16,18,132.1125073076289,54.51111506770773
L3_P15,3,17,11,165.91764896708384,32.94876335720002
L3_P15,3,18,10,134.70152086720768,31.996267213527823
L3_P15,3,19,16,149.5492008595447,45.084106926312465
L3_P15,3,20,13,138.33756287822402,40.38765350173562
L3_P16,3,1,10,150.7536465855087,31.040520828509266
L3_P16,3,2,13,104.70362806673359,47.18166825703047
L3_P16,3,3,20,129.7597656628082,60.439336107003896
L3_P16,3,4,14,163.39727743796587,41.31570351401443
L3_P16,3,5,11,129.35196313653918,42.22919115089427
L3_P16,3,6,12,128.5518453647866,43.87524965484761
L3_P16,3,7,11,122.89776444025411,44.18264994859322
L3_P16,3,8,16,140.63404438374013,49.6346510933972
L3_P16,3,9,13,125.49289666271414,46.321705047632776
L3_P16,3,10,18,153.0057573559431,52.501381302396354
L3_P16,3,11,9,148.31996410874086,32.46897769238057
L3_P16,3,12,15,121.85984027399891,53.05997907639083
L3_P16,3,13,20,136.70791738970945,59.02370116962647
L3_P16,3,14,15,157.67459968654418,43.755291674958485
L3_P16,3,15,12,148.90590896266045,42.17566817064169
L3_P16,3,16,16,129.9010868526026,49.78078107921892
L3_P16,3,17,15,134.01129164618058,48.128717495944265
L3_P16,3,18,17,141.5067357148422,52.01946578547268
L3_P16,3,19,16,135.4621474439479,53.19295415593217
L3_P16,3,20,10,157.9578627235389,33.41310816055177
L3_P17,3,1,13,152.81001744388735,41.86286501401554
L3_P17,3,2,13,164.69951575894015,42.300074934934386
L3_P17,3,3,13,145.91959619043018,43.90874469518066
L3_P17,3,4,15,134.01145299363972,48.189767326038584
L3_P17,3,5,19,151.98519013082765,52.64149727017675
L3_P17,3,6,12,159.98701376386794,35.95329226175225
L3_P17,3,7,11,155.16466494327406,34.74809369536161
L3_P17,3,8,8,154.54047107730923,28.379448574932155
L3_P17,3,9,12,150.7645868331449,37.64518602144545
L3_P17,3,10,10,146.98843014357112,38.42289017793731
L3_P17,3,11,15,169.44059046826212,39.84091154430143
L3_P17,3,12,10,147.0792887578962,34.80353143632091
L3_P17,3,13,13,139.6963165609052,42.41590386338169
L3_P17,3,14,13,139.74559365940408,36.46587811142527
L3_P17,3,15,8,141.41188464962386,33.21304019609029
L3_P17,3,16,17,151.4142637559352,50.75401349533013
L3_P17,3,17,11,151.23959218851027,34.06007439821957
L3_P17,3,18,11,141.28011266382845,39.25938887208085
L3_P17,3,19,14,138.23763324313097,45.18336488511257
L3_P17,3,20,16,139.42905197186062,50.07774562931234
L3_P18,3,1,9,158.87252578054193,30.32459875796769
L3_P18,3,2,9,151.97727100787952,38.23085374432281
L3_P18,3,3,22,132.18014711935177,60.52582824005269
L3_P18,3,4,18,133.9837849676695,55.56327034811402
L3_P18,3,5,10,133.1132440962708,35.46108610440827
L3_P18,3,6,12,126.59518778225012,45.29133297757168
L3_P18,3,7,16,147.50470156307728,45.89422799016784
L3_P18,3,8,8,174.89984351950397,17.147663046766883
L3_P18,3,9,8,116.47423097785781,37.231218353114265
L3_P18,3,10,13,156.66391576476698,39.30114530196786
L3_P18,3,11,11,147.62695257533719,40.01498660794495
L3_P18,3,12,9,126.45847583220278,40.62521427295532
L3_P18,3,13,8,139.07365804661964,29.857793792499614
L3_P18,3,14,12,145.73081616739745,38.82444991898188
L3_P18,3,15,12,148.20859442624655,42.00222284700627
L3_P18,3,16,14,147.14206493066152,47.0361013677605
L3_P18,3,17,10,167.80797315037788,31.60442195329336
L3_P18,3,18,16,150.15653499635195,50.93255586099714
L3_P18,3,19,16,159.86843837241108,46.571559159090455
L3_P18,3,20,18,152.83227709052952,49.502623366379055
L3_P19,3,1,13,162.15565382243568,37.10733893212446
L3_P19,3,2,20,145.17659718562481,58.31799928367013
L3_P19,3,3,15,145.8175243137341,49.01182486541702
L3_P19,3,4,17,140.80474251429857,50.33165603314224
L3_P19,3,5,20,150.80344828713137,59.201661264514875
L3_P19,3,6,10,143.11040335622795,37.342728033753815
L3_P19,3,7,13,135.92823851175072,41.04805486832875
L3_P19,3,8,17,131.21827269531983,55.88455920737186
L3_P19,3,9,13,139.26868585769972,35.79963468812812
L3_P19,3,10,18,138.0384960219525,57.240936114230514
L3_P19,3,11,16,147.0259473749529,48.88868020914813
L3_P19,3,12,15,142.57111672639414,45.11900594018461
L3_P19,3,13,18,120.14640999014554,62.51312214844984
L3_P19,3,14,7,138.11311164433852,30.023233020660715
L3_P19,3,15,11,148.5505998458997,37.42736746105369
L3_P19,3,16,9,123.96500906670492,36.16087753548711
L3_P19,3,17,11,135.661560536533,39.068776921232434
L3_P19,3,18,14,153.27602437925952,40.80127127974108
L3_P19,3,19,10,151.860418599542,35.97468797621066
L3_P19,3,20,10,125.37497787442891,43.99527346138673
L3_P20,3,1,21,111.61352539990075,61.67705060762221
L3_P20,3,2,10,147.09955636946378,32.338589306984076
L3_P20,3,3,12,136.03228729185895,39.607833601193676
L3_P20,3,4,17,155.2586309957333,45.71253495841468
L3_P20,3,5,10,123.7810038477848,37.182323420300385
L3_P20,3,6,11,150.12259194007117,31.919398995916527
L3_P20,3,7,13,137.490746105389,46.06577587449963
L3_P20,3,8,12,150.38422143520427,38.29631225496749
L3_P20,3,9,16,133.7367308186509,53.35690300162684
L3_P20,3,10,16,135.26064998480186,49.61795339248006
L3_P20,3,11,16,158.96661664800567,49.72808912367157
L3_P20,3,12,13,142.20580780951258,42.92948494660519
L3_P20,3,13,19,138.71203801120927,54.9362017788116
L3_P20,3,14,19,173.04063212677227,52.25435395360245
L3_P20,3,15,12,128.12909353935012,39.00776543428154
L3_P20,3,16,17,137.54351289377672,47.58645161980799
L3_P20,3,17,15,124.00025944770547,48.878830656160204
L3_P20,3,18,17,150.64060222653143,49.392899186161316
L3_P20,3,19,11,144.37788524924503,34.74630590662704
L3_P20,3,20,14,155.75927326594834,36.299254077757425
