EndYear,Age,Tm,Home,Opp,Win,Diff,MP,FG_PCT,3P_PCT,TRB,AST,PTS,GmSc
1985,21.6899384,CHI,1,WSB,1,16,40,0.313,,6,7,16,12.5
1985,21.69267625,CHI,0,MIL,0,-2,34,0.615,,5,5,21,19.4
1985,21.69815195,CHI,1,MIL,1,6,34,0.542,,4,5,37,32.9
1985,21.7008898,CHI,0,KCK,1,5,36,0.381,,4,5,25,14.7
1985,21.7063655,CHI,0,DEN,0,-16,33,0.467,,5,5,17,13.2
1985,21.72279261,CHI,0,DET,1,4,27,0.474,,4,3,25,14.9
1985,21.72553046,CHI,0,NYK,1,15,33,0.682,,8,5,33,29.3
1985,21.73100616,CHI,0,IND,1,2,42,0.409,,9,4,27,21.2
1985,21.73921971,CHI,1,SAS,1,3,43,0.667,1.0,10,4,45,37.5
1985,21.74469541,CHI,1,BOS,0,-20,33,0.5,0.0,2,2,27,17.1
1985,21.75017112,CHI,1,PHI,0,-9,44,0.235,,5,7,16,12.5
1985,21.75564682,CHI,1,IND,0,-17,39,0.423,0.0,5,2,34,20.8
1985,21.76112252,CHI,0,MIL,0,-10,42,0.5,,13,2,35,26.7
1985,21.76659822,CHI,0,SEA,1,19,30,0.692,,4,3,23,19.5
1985,21.76933607,CHI,0,POR,0,-10,41,0.417,0.0,6,8,30,23.9
1985,21.77754962,CHI,0,GSW,0,-6,24,0.6,,2,3,13,11.1
1985,21.78302533,CHI,0,PHO,0,-5,30,0.529,1.0,3,2,22,14.0
1985,21.78576318,CHI,0,LAC,1,4,37,0.6,,5,5,20,15.5
1985,21.79123888,CHI,0,LAL,1,1,42,0.538,,2,3,20,12.9
1985,21.79671458,CHI,1,NJN,1,15,35,0.538,,3,6,20,16.0
1985,21.80492813,CHI,1,NYK,1,2,43,0.5,0.0,2,3,21,9.3
1985,21.80766598,CHI,1,DAL,1,2,35,0.435,,7,2,20,11.2
1985,21.81587953,CHI,1,DET,0,-7,37,0.464,0.0,8,6,27,16.2
1985,21.81861739,CHI,0,DET,0,-7,30,0.353,0.0,1,2,21,12.5
1985,21.82409309,CHI,0,NJN,0,-2,44,0.48,,8,8,34,29.5
1985,21.82683094,CHI,1,PHI,0,-12,27,0.438,,2,2,14,7.2
1985,21.83504449,CHI,1,HOU,0,-8,45,0.4,0.0,3,8,18,14.5
1985,21.84052019,CHI,0,ATL,1,3,41,0.545,,8,7,34,26.6
1985,21.84599589,CHI,1,BOS,1,25,35,0.667,,12,8,32,31.7
1985,21.85968515,CHI,1,CLE,1,4,44,0.606,0.0,7,11,45,40.1
1985,21.86516085,CHI,1,ATL,0,-3,39,0.389,,4,5,21,10.1
1985,21.87611225,CHI,0,ATL,0,-14,34,0.714,,7,4,25,22.3
1985,21.88158795,CHI,1,MIL,1,5,38,0.563,0.0,2,6,22,20.2
1985,21.8843258,CHI,0,NYK,0,-6,42,0.64,,7,4,42,35.5
1985,21.89527721,CHI,0,BOS,0,-3,42,0.5,,6,6,36,28.3
1985,21.90075291,CHI,1,NYK,1,16,30,0.571,,6,5,23,18.3
1985,21.90349076,CHI,0,CLE,0,-3,36,0.476,0.0,12,3,24,15.8
1985,21.90896646,CHI,1,DEN,1,9,43,0.688,,14,15,35,39.4
1985,21.91444216,CHI,0,NJN,0,-6,44,0.471,0.0,7,7,27,20.1
1985,21.91718001,CHI,1,CLE,1,5,40,0.4,,4,6,25,17.2
1985,21.92265572,CHI,0,IND,0,-3,41,0.556,0.5,12,7,38,34.0
1985,21.93086927,CHI,1,POR,1,8,39,0.55,0.0,12,5,29,23.3
1985,21.93908282,CHI,1,SEA,1,17,37,0.4,0.0,4,8,22,24.7
1985,21.94182067,CHI,1,ATL,1,13,43,0.708,,8,10,45,41.4
1985,21.95003422,CHI,1,KCK,1,6,38,0.647,,7,7,26,25.5
1985,21.95277207,CHI,0,WSB,0,-11,41,0.632,,7,8,38,35.6
1985,21.95824778,CHI,0,PHI,0,-11,37,0.563,0.0,6,5,31,25.3
1985,21.96919918,CHI,1,BOS,0,-4,45,0.56,0.0,12,7,41,40.1
1985,21.97467488,CHI,0,CLE,0,-9,38,0.471,,4,7,23,15.8
1985,21.98836413,CHI,1,DET,1,13,45,0.613,,15,5,49,40.9
1985,21.99657769,CHI,1,IND,0,-18,37,0.4,0.0,7,6,17,9.5
1985,22.0,CHI,0,MIL,0,-20,34,0.6,,3,3,26,20.2
1985,22.0054757,CHI,1,LAL,0,-10,30,0.462,0.0,6,8,16,12.9
1985,22.01368925,CHI,0,BOS,0,-10,42,0.444,,4,7,26,21.1
1985,22.0164271,CHI,1,GSW,1,15,32,0.75,,5,5,38,36.8
1985,22.02464066,CHI,1,CLE,0,-5,48,0.444,0.0,9,5,28,18.7
1985,22.02737851,CHI,0,DET,0,-9,35,0.471,0.0,6,2,24,18.0
1985,22.03285421,CHI,1,NYK,1,5,38,0.4,,10,10,21,17.7
1985,22.03832991,CHI,1,NJN,0,-4,41,0.619,,14,5,37,37.1
1985,22.04380561,CHI,1,WSB,1,5,44,0.522,,9,8,37,32.7
1985,22.04654346,CHI,0,BOS,1,3,42,0.464,,7,3,33,24.2
1985,22.05201916,CHI,1,LAC,1,16,28,0.538,0.5,8,7,26,25.1
1985,22.05475702,CHI,1,UTA,0,-6,38,0.429,1.0,6,4,28,16.5
1985,22.06023272,CHI,0,WSB,0,-7,34,0.429,,4,4,21,12.8
1985,22.06297057,CHI,1,DET,1,1,39,0.458,0.0,8,4,32,20.8
1985,22.06844627,CHI,0,NYK,0,-9,34,0.278,,3,8,16,9.1
1985,22.07118412,CHI,1,PHO,1,6,42,0.733,,9,14,27,29.6
1985,22.07665982,CHI,1,MIL,1,2,48,0.44,0.0,11,16,32,31.3
1985,22.08213552,CHI,0,HOU,0,-6,42,0.5,,4,7,31,21.0
1985,22.08487337,CHI,0,SAS,0,-8,43,0.609,0.0,7,4,38,31.8
1985,22.09308693,CHI,0,DAL,1,10,43,0.294,,9,10,20,22.3
1985,22.09582478,CHI,0,UTA,0,-18,35,0.375,,9,6,26,21.3
1985,22.10130048,CHI,1,IND,1,1,40,0.542,0.0,9,5,38,31.8
1985,22.10677618,CHI,0,CLE,0,-8,41,0.44,0.333,8,10,35,30.5
1985,22.11225188,CHI,1,PHI,0,-5,42,0.684,1.0,5,6,38,33.2
1985,22.12046543,CHI,1,NJN,1,14,44,0.632,,8,9,31,28.4
1985,22.12320329,CHI,0,WSB,1,9,40,0.632,0.0,6,3,25,20.0
1985,22.12867899,CHI,0,PHI,0,-3,38,0.619,0.0,1,5,40,32.5
1985,22.13141684,CHI,0,ATL,1,3,43,0.667,,7,4,33,26.7
1985,22.13689254,CHI,0,IND,0,-4,39,0.3,0.0,8,5,22,12.7
1985,22.14784394,CHI,1,ATL,0,-11,36,0.688,0.0,3,6,28,23.5
1985,22.15058179,CHI,0,NJN,0,-12,40,0.375,0.2,2,9,29,18.9
1986,22.6844627,CHI,1,CLE,1,1,39,0.5,,6,3,29,18.7
1986,22.68720055,CHI,1,DET,1,3,41,0.375,,7,6,33,22.6
1986,22.6954141,CHI,0,GSW,1,6,18,0.6,,2,2,12,8.0
1986,23.07118412,CHI,1,MIL,0,-9,13,0.571,,1,2,12,8.4
1986,23.07665982,CHI,0,ATL,0,-10,14,0.25,0.0,4,1,17,16.8
1986,23.08213552,CHI,0,PHI,0,-6,15,0.286,0.0,4,3,12,9.9
1986,23.08761123,CHI,0,BOS,0,-21,16,0.438,0.0,2,1,20,11.8
1986,23.09034908,CHI,0,CLE,0,-26,16,0.308,,1,1,8,-0.3
1986,23.09856263,CHI,1,NYK,1,13,19,0.417,0.0,3,3,19,13.8
1986,23.10677618,CHI,0,NJN,0,-11,22,0.6,,1,3,22,17.1
1986,23.10951403,CHI,0,NYK,1,10,23,0.588,0.0,1,1,24,15.0
1986,23.11772758,CHI,0,MIL,0,-9,26,0.5,0.0,5,2,28,24.6
1986,23.12320329,CHI,0,IND,1,1,28,0.632,,5,3,26,21.7
1986,23.12867899,CHI,1,ATL,1,5,31,0.476,0.667,3,3,30,19.6
1986,23.13415469,CHI,1,MIL,1,6,31,0.556,0.333,5,7,26,24.1
1986,23.13689254,CHI,0,ATL,0,-13,33,0.48,0.0,6,6,30,18.6
1986,23.14510609,CHI,1,WSB,1,2,37,0.333,0.0,5,2,31,12.4
1986,23.15058179,CHI,0,CLE,0,-7,29,0.478,0.0,3,4,29,21.4
1987,23.70362765,CHI,0,NYK,1,5,41,0.484,,6,3,50,37.5
1987,23.7063655,CHI,0,CLE,1,5,39,0.516,,8,2,41,29.3
1987,23.7118412,CHI,1,SAS,1,7,44,0.452,0.0,8,5,34,20.8
1987,23.72005476,CHI,0,DET,0,-6,42,0.423,0.0,0,5,33,18.2
1987,23.72279261,CHI,1,PHO,1,5,39,0.63,,6,3,39,33.2
1987,23.73100616,CHI,1,ATL,1,2,39,0.438,,5,3,34,18.9
1987,23.73374401,CHI,0,WSB,0,-2,39,0.36,0.0,4,4,28,15.4
1987,23.73921971,CHI,1,BOS,0,-12,41,0.515,1.0,5,1,48,35.8
1987,23.75838467,CHI,1,NYK,1,2,40,0.538,,6,4,40,32.8
1987,23.76112252,CHI,1,WSB,1,9,39,0.385,,9,4,22,13.2
1987,23.77207392,CHI,0,DEN,0,-2,41,0.419,,9,3,37,24.0
1987,23.77754962,CHI,0,LAL,0,-7,45,0.442,0.0,10,3,41,23.5
1987,23.78028747,CHI,0,GSW,0,-7,42,0.367,0.0,5,6,40,30.7
1987,23.78850103,CHI,0,SEA,1,6,48,0.433,,9,6,40,34.7
1987,23.79123888,CHI,0,UTA,0,-5,40,0.515,0.0,3,3,45,34.4
1987,23.79671458,CHI,0,PHO,0,-2,41,0.405,,4,2,43,27.2
1987,23.79945243,CHI,0,SAS,0,-9,44,0.474,0.0,5,3,43,27.3
1987,23.80766598,CHI,1,DEN,1,6,42,0.533,,6,6,40,33.4
1987,23.81040383,CHI,0,ATL,0,-28,39,0.6,,4,4,41,32.7
1987,23.81587953,CHI,0,MIL,1,13,39,0.667,,5,3,41,31.4
1987,23.81861739,CHI,1,MIL,0,-23,31,0.176,,4,2,11,-0.4
1987,23.82683094,CHI,1,NJN,1,1,37,0.448,0.0,5,1,41,21.7
1987,23.83230664,CHI,0,IND,1,9,39,0.556,,3,6,41,31.5
1987,23.83778234,CHI,1,UTA,0,-2,38,0.385,,4,7,27,17.1
1987,23.84599589,CHI,1,CLE,1,16,35,0.545,0.0,5,6,43,32.6
1987,23.85147159,CHI,0,NYK,0,-1,41,0.357,,3,5,30,19.4
1987,23.8569473,CHI,1,IND,1,12,36,0.69,,4,3,44,32.8
1987,23.86516085,CHI,1,GSW,0,-3,40,0.444,0.667,5,3,31,20.5
1987,23.8733744,CHI,0,BOS,0,-14,40,0.419,0.0,8,3,34,21.8
1987,23.87611225,CHI,1,DET,1,5,38,0.457,0.0,4,2,47,29.5
1987,23.8843258,CHI,0,CLE,1,4,38,0.565,,2,3,27,15.0
1987,23.88980151,CHI,1,POR,1,4,43,0.588,,4,5,53,42.1
1987,23.89527721,CHI,1,NJN,1,10,36,0.333,,7,5,31,20.9
1987,23.90896646,CHI,1,HOU,0,-11,43,0.395,0.25,3,3,43,22.6
1987,23.91444216,CHI,1,PHI,1,16,44,0.5,,10,6,47,38.7
1987,23.91991786,CHI,0,IND,0,-14,41,0.44,1.0,6,3,32,16.6
1987,23.92265572,CHI,1,MIL,1,13,39,0.5,,7,2,31,22.8
1987,23.93086927,CHI,1,CLE,1,21,37,0.5,1.0,2,2,35,23.0
1987,23.93360712,CHI,0,CLE,0,-30,27,0.55,,0,1,27,16.1
1987,23.94182067,CHI,1,BOS,0,-8,40,0.382,0.0,5,6,30,12.9
1987,23.94455852,CHI,0,BOS,0,-29,37,0.478,0.0,4,4,27,13.0
1987,23.95003422,CHI,0,PHI,0,-9,41,0.543,0.0,2,5,49,35.0
1987,23.95550992,CHI,0,DET,0,-2,44,0.359,0.2,5,5,38,23.9
1987,23.96098563,CHI,1,WSB,1,7,43,0.429,0.0,6,6,32,19.2
1987,23.96646133,CHI,0,MIL,0,-15,44,0.5,,7,5,36,29.6
1987,23.98015058,CHI,1,PHI,1,5,41,0.5,,3,4,29,19.8
1987,23.98836413,CHI,1,SEA,1,8,41,0.5,,3,6,45,36.5
1987,23.99110198,CHI,0,NYK,1,4,37,0.625,0.0,2,8,33,29.9
1987,23.99657769,CHI,1,SAC,0,-4,48,0.433,0.0,7,6,43,32.3
1987,24.00821355,CHI,1,LAL,0,-10,40,0.407,,2,5,33,25.8
1987,24.01368925,CHI,1,CLE,1,4,39,0.552,,4,6,43,40.8
1987,24.01916496,CHI,1,ATL,1,10,42,0.455,,12,2,34,32.5
1987,24.02464066,CHI,1,NJN,1,15,37,0.64,,8,3,58,51.2
1987,24.03011636,CHI,1,MIL,1,3,38,0.393,0.0,6,2,37,24.5
1987,24.03285421,CHI,0,NJN,0,-10,39,0.435,0.0,4,4,30,18.1
1987,24.03832991,CHI,1,LAC,1,34,28,0.647,,3,8,30,30.6
1987,24.04106776,CHI,0,DET,1,5,43,0.564,,7,3,61,47.6
1987,24.04654346,CHI,1,NYK,0,-1,39,0.417,,8,5,27,25.8
1987,24.05201916,CHI,1,DAL,1,10,44,0.393,0.0,6,4,33,28.5
1987,24.05475702,CHI,0,ATL,0,-5,42,0.462,0.0,7,8,31,24.8
1987,24.06023272,CHI,0,PHI,0,-9,44,0.559,1.0,8,7,49,38.5
1987,24.06570842,CHI,1,DET,0,-1,36,0.318,,4,3,24,11.1
1987,24.06844627,CHI,0,WSB,0,-1,47,0.25,,7,8,13,7.5
1987,24.07392197,CHI,0,HOU,0,-1,43,0.536,0.0,4,5,44,33.5
1987,24.07665982,CHI,0,DAL,0,-18,42,0.333,0.5,3,9,21,11.7
1987,24.08213552,CHI,0,LAC,1,17,41,0.609,1.0,7,3,40,36.1
1987,24.08761123,CHI,0,SAC,1,15,44,0.52,0.0,3,5,40,28.3
1987,24.09034908,CHI,0,POR,0,-2,43,0.538,0.0,1,6,46,32.9
1987,24.09582478,CHI,1,PHI,1,2,44,0.688,0.0,7,3,56,46.0
1987,24.10130048,CHI,0,NJN,0,-2,43,0.467,,6,7,40,31.2
1987,24.10403833,CHI,1,BOS,0,-5,40,0.391,,7,7,22,20.8
1987,24.10951403,CHI,1,NYK,1,19,40,0.542,0.0,1,8,33,29.0
1987,24.11498973,CHI,1,WSB,1,26,34,0.667,,3,4,36,30.0
1987,24.11772758,CHI,0,IND,0,-5,41,0.4,0.333,9,7,26,22.6
1987,24.12320329,CHI,0,WSB,0,-4,45,0.591,0.5,2,7,32,24.8
1987,24.12594114,CHI,0,ATL,0,-13,35,0.375,0.0,6,7,31,25.3
1987,24.13415469,CHI,1,DET,1,30,26,0.619,,5,4,39,35.1
1987,24.14236824,CHI,0,PHI,0,-2,50,0.355,0.0,6,10,34,25.0
1987,24.14784394,CHI,1,IND,1,21,42,0.704,,4,8,53,49.7
1987,24.15058179,CHI,0,MIL,1,7,41,0.516,0.0,9,4,50,42.1
1987,24.15879535,CHI,1,ATL,0,-3,41,0.579,0.0,10,1,61,47.8
1987,24.1615332,CHI,0,BOS,0,-3,25,0.333,,4,8,17,15.3
1988,24.72005476,CHI,1,PHI,1,10,38,0.6,,5,3,36,32.9
1988,24.72826831,CHI,0,ATL,1,10,42,0.478,0.333,6,7,29,20.3
1988,24.73100616,CHI,0,NJN,1,9,40,0.5,0.0,3,4,31,19.7
1988,24.73648186,CHI,1,NJN,1,18,35,0.526,,7,5,36,36.4
1988,24.73921971,CHI,1,IND,0,-1,40,0.483,,5,5,37,28.2
1988,24.74743326,CHI,1,WSB,1,4,36,0.556,,3,7,26,21.7
1988,24.75017112,CHI,0,WSB,1,2,40,0.429,0.0,3,8,30,26.3
1988,24.75564682,CHI,1,ATL,1,2,40,0.455,,7,7,33,31.8
1988,24.75838467,CHI,1,DET,0,-12,44,0.447,0.0,6,8,49,36.9
1988,24.76386037,CHI,0,BOS,1,5,41,0.462,,10,3,31,20.1
1988,24.76933607,CHI,0,MIL,1,2,39,0.542,0.0,3,6,33,27.2
1988,24.77481177,CHI,0,DAL,0,-1,45,0.4,0.0,6,9,25,22.6
1988,24.77754962,CHI,0,HOU,1,12,41,0.545,0.0,7,6,34,27.7
1988,24.78576318,CHI,0,GSW,1,1,40,0.4,,6,9,16,15.1
1988,24.78850103,CHI,0,UTA,1,4,39,0.63,,4,9,47,43.5
1988,24.79397673,CHI,0,DEN,0,-16,35,0.6,1.0,4,5,23,19.2
1988,24.79671458,CHI,0,SAS,0,-9,40,0.682,0.0,2,8,40,30.2
1988,24.80492813,CHI,1,PHI,0,-13,42,0.538,0.0,5,10,33,25.4
1988,24.81040383,CHI,1,MIL,1,6,40,0.611,,7,4,32,28.6
1988,24.81587953,CHI,1,HOU,1,9,40,0.571,,3,9,44,42.3
1988,24.82409309,CHI,0,DET,0,-4,50,0.462,0.5,8,12,38,34.7
1988,24.82956879,CHI,1,CLE,1,11,41,0.645,,3,6,52,45.3
1988,24.83504449,CHI,0,WSB,0,-13,43,0.522,,2,7,30,24.6
1988,24.84325804,CHI,1,DAL,0,-11,41,0.55,0.0,6,7,28,26.1
1988,24.84599589,CHI,0,NYK,0,-1,39,0.333,,5,2,16,9.4
1988,24.85420945,CHI,0,IND,0,-14,34,0.273,,6,6,17,5.6
1988,24.862423,CHI,1,ATL,0,-10,43,0.432,0.0,8,6,39,28.7
1988,24.8733744,CHI,1,NJN,1,23,37,0.474,,10,10,25,32.0
1988,24.88158795,CHI,1,IND,1,16,38,0.6,,11,9,31,36.9
1988,24.88706366,CHI,1,DEN,1,4,42,0.5,,9,5,28,27.4
1988,24.89253936,CHI,1,UTA,1,22,38,0.739,,3,8,45,43.2
1988,24.90075291,CHI,1,BOS,0,-7,43,0.543,0.0,4,6,42,34.6
1988,24.90622861,CHI,0,CLE,0,-3,45,0.5,0.0,4,7,28,19.7
1988,24.91170431,CHI,1,DET,1,16,38,0.462,,10,10,36,36.4
1988,24.91718001,CHI,1,WSB,1,14,39,0.684,,3,7,33,30.9
1988,24.91991786,CHI,0,ATL,0,-12,41,0.636,,3,4,38,33.6
1988,24.92813142,CHI,1,PHO,1,10,38,0.68,,4,13,42,45.6
1988,24.93086927,CHI,1,GSW,1,27,38,0.684,,7,8,36,35.3
1988,24.93908282,CHI,0,IND,0,-4,40,0.5,1.0,7,5,34,20.9
1988,24.94182067,CHI,0,PHI,1,10,46,0.571,1.0,4,7,37,32.7
1988,24.94729637,CHI,1,NJN,1,27,27,0.778,,1,4,32,35.7
1988,24.95003422,CHI,1,NYK,1,2,44,0.588,0.0,5,4,28,23.4
1988,24.95550992,CHI,0,SAC,0,-2,40,0.419,,5,3,37,23.3
1988,24.95824778,CHI,0,LAL,0,-9,40,0.538,,2,4,39,29.7
1988,24.96372348,CHI,0,PHO,1,12,37,0.519,0.0,5,8,37,30.7
1988,24.97741273,CHI,1,DET,0,-15,42,0.318,,7,9,20,15.8
1988,24.98015058,CHI,0,NJN,0,-9,37,0.435,0.0,4,4,34,25.2
1988,24.98562628,CHI,0,MIL,1,2,43,0.474,0.0,6,8,27,20.1
1988,24.98836413,CHI,0,DET,0,-9,40,0.409,0.0,2,2,27,17.2
1988,24.99383984,CHI,1,ATL,1,19,38,0.591,,13,8,32,35.3
1988,25.0054757,CHI,1,SAC,1,21,38,0.704,,3,3,49,39.6
1988,25.0109514,CHI,0,CLE,0,-2,45,0.516,0.0,4,9,46,37.7
1988,25.0164271,CHI,1,SEA,1,7,48,0.379,,9,5,39,32.7
1988,25.02464066,CHI,1,POR,0,-8,43,0.618,0.0,8,3,52,37.2
1988,25.02737851,CHI,1,MIL,0,-3,44,0.593,,2,3,38,27.9
1988,25.03285421,CHI,0,PHI,0,-1,46,0.591,,5,4,35,26.5
1988,25.04106776,CHI,1,PHI,1,4,41,0.517,,10,7,36,26.2
1988,25.04654346,CHI,1,LAC,1,24,27,0.692,,6,4,21,22.3
1988,25.05201916,CHI,0,NYK,0,-12,44,0.5,0.0,10,3,38,26.1
1988,25.06023272,CHI,1,LAL,1,21,42,0.5,0.0,9,7,38,31.5
1988,25.06570842,CHI,1,SAS,1,20,34,0.409,,7,6,28,20.1
1988,25.07392197,CHI,1,CLE,1,19,37,0.586,,6,1,38,27.3
1988,25.07665982,CHI,0,WSB,0,-3,39,0.435,,4,5,25,16.4
1988,25.08213552,CHI,1,BOS,1,10,42,0.594,0.5,5,9,50,46.9
1988,25.08761123,CHI,0,BOS,0,-30,39,0.556,,4,7,26,17.8
1988,25.09582478,CHI,0,PHI,1,16,42,0.571,0.0,13,2,49,38.4
1988,25.10130048,CHI,0,CLE,1,1,48,0.483,,8,7,39,32.2
1988,25.10403833,CHI,1,IND,1,9,42,0.593,0.0,3,2,38,25.6
1988,25.11225188,CHI,0,SEA,0,-3,42,0.471,,4,4,26,17.1
1988,25.11498973,CHI,0,LAC,1,17,34,0.6,,6,4,36,32.7
1988,25.12046543,CHI,0,POR,1,15,42,0.433,0.5,11,7,38,29.2
1988,25.12594114,CHI,0,DET,1,2,42,0.778,0.0,4,6,59,54.7
1988,25.13141684,CHI,1,WSB,0,-11,42,0.6,0.0,3,1,29,18.4
1988,25.13415469,CHI,0,MIL,1,9,44,0.545,,6,6,37,29.5
1988,25.13963039,CHI,1,NYK,1,9,43,0.542,,6,3,40,36.0
1988,25.15605749,CHI,0,IND,1,6,38,0.429,0.0,6,3,35,25.0
1988,25.15879535,CHI,0,NJN,1,1,39,0.55,,0,4,28,17.4
1988,25.16427105,CHI,1,MIL,1,8,38,0.586,0.0,3,6,44,36.9
1988,25.16974675,CHI,0,NYK,1,3,40,0.667,0.0,5,2,47,33.7
1988,25.17522245,CHI,0,BOS,0,-7,41,0.515,0.0,3,8,39,26.7
1988,25.1779603,CHI,1,CLE,0,-4,42,0.462,,1,7,26,18.9
1988,25.183436,CHI,1,BOS,1,7,44,0.64,0.0,6,6,46,38.0
1989,25.71457906,CHI,1,DET,0,-13,43,0.526,0.0,5,7,28,26.3
1989,25.71731691,CHI,0,WSB,1,13,39,0.429,,2,7,29,19.4
1989,25.72553046,CHI,0,NYK,0,-9,39,0.619,0.667,3,9,31,25.5
1989,25.72826831,CHI,0,BOS,1,6,42,0.545,0.5,3,2,52,44.4
1989,25.73374401,CHI,1,NJN,1,12,41,0.583,0.0,6,3,36,26.9
1989,25.73648186,CHI,0,NJN,0,-6,43,0.548,0.0,7,6,42,34.5
1989,25.74469541,CHI,1,PHI,1,13,43,0.519,,6,6,33,27.6
1989,25.74743326,CHI,0,PHI,0,-13,43,0.828,0.0,9,1,52,46.5
1989,25.75290897,CHI,1,ATL,1,3,49,0.571,,9,9,34,25.7
1989,25.76386037,CHI,0,SAC,1,16,38,0.8,,11,8,32,32.2
1989,25.76659822,CHI,0,LAC,0,-8,41,0.467,0.5,12,7,26,27.4
1989,25.77481177,CHI,0,DEN,0,-5,44,0.704,0.6,11,7,52,42.3
1989,25.78302533,CHI,0,GSW,0,-10,43,0.458,0.0,10,7,26,22.1
1989,25.78576318,CHI,0,UTA,0,-14,39,0.44,0.0,8,5,33,25.9
1989,25.79397673,CHI,0,DAL,1,13,43,0.516,,11,6,39,32.1
1989,25.80219028,CHI,1,BOS,1,5,43,0.7,,9,5,38,33.6
1989,25.80492813,CHI,0,DET,0,-13,40,0.25,,7,7,18,15.2
1989,25.81040383,CHI,1,MIL,1,18,40,0.588,0.0,11,5,35,29.8
1989,25.81314168,CHI,1,MIA,1,23,37,0.56,0.5,11,4,38,32.4
1989,25.82135524,CHI,1,ATL,0,-18,41,0.458,0.0,14,6,28,24.6
1989,25.82956879,CHI,1,IND,1,7,38,0.455,0.0,7,7,28,26.8
1989,25.83230664,CHI,0,MIL,1,19,40,0.48,0.0,6,5,36,27.8
1989,25.84052019,CHI,1,LAL,1,13,39,0.478,0.667,7,8,42,41.0
1989,25.84873374,CHI,0,CHH,0,-2,41,0.538,,5,4,33,22.1
1989,25.85968515,CHI,1,CLE,0,-11,42,0.6,1.0,12,4,43,34.6
1989,25.86516085,CHI,1,NYK,1,2,40,0.519,0.0,9,3,37,26.9
1989,25.8678987,CHI,0,IND,1,16,37,0.5,,7,4,31,26.7
1989,25.8788501,CHI,1,LAC,1,5,47,0.5,0.0,10,11,41,35.5
1989,25.8843258,CHI,0,CLE,0,-5,41,0.542,0.5,11,7,32,28.6
1989,25.88706366,CHI,1,UTA,0,-14,37,0.571,,5,4,27,20.9
1989,25.89801506,CHI,0,ATL,1,3,41,0.586,0.0,10,9,48,42.8
1989,25.90075291,CHI,0,CHH,1,5,40,0.467,,4,10,24,20.6
1989,25.90622861,CHI,1,DEN,1,5,46,0.542,0.0,12,11,38,33.1
1989,25.91170431,CHI,1,BOS,1,6,41,0.565,0.0,9,11,42,46.7
1989,25.91718001,CHI,1,IND,1,7,44,0.556,0.0,6,13,22,25.0
1989,25.92265572,CHI,0,MIA,1,4,41,0.56,0.0,5,7,34,29.4
1989,25.92813142,CHI,1,PHO,0,-9,41,0.714,,14,8,53,47.9
1989,25.93634497,CHI,1,DAL,1,18,33,0.5,0.0,3,6,24,20.7
1989,25.93908282,CHI,0,PHI,0,-12,45,0.56,,6,12,33,30.0
1989,25.94455852,CHI,1,WSB,1,11,39,0.56,,11,9,33,31.8
1989,25.95550992,CHI,1,DET,0,-6,41,0.292,0.0,12,10,21,12.9
1989,25.96098563,CHI,1,SAC,1,11,40,0.714,,7,8,40,35.8
1989,25.96372348,CHI,0,HOU,0,-7,45,0.417,0.0,6,10,29,26.1
1989,25.96919918,CHI,0,DET,0,-11,42,0.556,0.25,6,10,28,28.1
1989,25.97467488,CHI,1,CHH,1,25,32,0.55,0.5,7,5,32,26.2
1989,25.98015058,CHI,0,SAS,1,5,43,0.45,,6,9,23,16.6
1989,25.99383984,CHI,1,ATL,0,-8,36,0.786,1.0,5,3,32,27.3
1989,25.99931554,CHI,1,MIL,1,1,40,0.615,0.5,8,5,50,41.9
1989,26.0054757,CHI,0,MIL,1,2,40,0.474,,3,9,23,15.6
1989,26.00821355,CHI,1,POR,1,4,36,0.591,,6,7,33,25.7
1989,26.01368925,CHI,0,CHH,1,28,37,0.714,0.0,4,5,24,15.9
1989,26.01916496,CHI,1,HOU,1,9,38,0.556,,4,8,33,31.6
1989,26.02190281,CHI,0,ATL,0,-30,30,0.583,,5,3,18,13.8
1989,26.03011636,CHI,1,SAS,1,19,34,0.688,,6,8,24,24.5
1989,26.03832991,CHI,1,MIL,1,6,41,0.556,1.0,8,9,28,22.4
1989,26.04106776,CHI,0,NYK,0,-18,42,0.625,,3,10,28,25.5
1989,26.04928131,CHI,1,PHI,0,-2,39,0.556,,11,4,34,28.2
1989,26.06023272,CHI,1,SEA,1,17,40,0.615,,8,15,18,24.3
1989,26.06570842,CHI,1,IND,1,32,30,0.467,0.75,14,14,21,31.9
1989,26.07118412,CHI,0,CLE,0,-24,38,0.545,,6,12,28,21.4
1989,26.07665982,CHI,1,NYK,1,5,41,0.563,1.0,5,9,33,31.9
1989,26.07939767,CHI,0,IND,0,-11,44,0.458,0.0,6,10,28,22.3
1989,26.08761123,CHI,0,LAL,1,1,43,0.35,,8,16,21,18.2
1989,26.09034908,CHI,0,PHO,1,1,37,0.5,,10,9,32,27.3
1989,26.09582478,CHI,0,POR,1,15,40,0.5,0.333,7,17,34,35.4
1989,26.09856263,CHI,0,SEA,1,1,40,0.444,,12,12,21,19.8
1989,26.10677618,CHI,1,GSW,1,9,40,0.542,0.0,12,11,33,29.7
1989,26.10951403,CHI,0,MIL,1,4,43,0.474,0.0,10,10,32,29.0
1989,26.11498973,CHI,1,CLE,0,-9,43,0.517,0.5,10,10,37,32.2
1989,26.12046543,CHI,1,NJN,1,11,39,0.478,0.0,14,12,27,29.5
1989,26.12594114,CHI,1,CHH,1,20,40,0.667,0.0,10,12,33,42.0
1989,26.13141684,CHI,0,DET,0,-7,43,0.478,0.2,13,10,31,30.2
1989,26.13415469,CHI,1,DET,0,-2,42,0.611,,7,11,40,39.4
1989,26.13963039,CHI,0,ATL,0,-8,43,0.448,0.0,10,12,40,35.7
1989,26.15058179,CHI,0,IND,0,-4,46,0.567,0.0,11,13,47,45.8
1989,26.15331964,CHI,0,NJN,0,-12,38,0.444,0.0,10,12,29,25.9
1989,26.15879535,CHI,0,CLE,0,-19,27,0.571,0.0,3,3,22,15.3
1989,26.1615332,CHI,1,NYK,1,4,42,0.524,0.333,11,9,34,30.8
1989,26.16974675,CHI,0,WSB,0,-2,39,0.45,,5,4,30,18.4
1989,26.1724846,CHI,1,WSB,1,2,42,0.419,,14,11,34,31.9
1989,26.1779603,CHI,1,CLE,0,-6,35,0.474,0.0,5,3,25,16.5
1990,26.70910335,CHI,1,CLE,1,5,47,0.613,0.5,14,6,54,51.2
1990,26.7118412,CHI,1,BOS,0,-2,34,0.556,0.0,5,6,24,20.0
1990,26.72005476,CHI,1,DET,1,3,44,0.542,0.0,5,7,40,33.0
1990,26.72279261,CHI,0,MIN,1,12,40,0.625,1.0,6,2,45,36.0
1990,26.72826831,CHI,0,NJN,0,-10,41,0.364,,6,5,26,18.3
1990,26.73100616,CHI,1,SEA,1,7,34,0.533,0.5,4,6,25,20.8
1990,26.73921971,CHI,0,SAC,1,2,40,0.44,1.0,13,7,27,20.7
1990,26.74195756,CHI,0,UTA,0,-1,38,0.462,0.0,10,3,40,28.7
1990,26.75017112,CHI,0,SEA,0,-9,39,0.462,0.375,6,7,32,23.5
1990,26.75838467,CHI,0,POR,0,-11,36,0.385,0.333,0,7,16,11.0
1990,26.76112252,CHI,0,PHO,1,5,44,0.4,0.333,7,7,34,24.4
1990,26.76933607,CHI,0,GSW,1,13,41,0.414,0.2,14,9,29,24.8
1990,26.77207392,CHI,0,LAC,0,-24,33,0.5,0.5,7,4,26,17.1
1990,26.77754962,CHI,1,ATL,1,15,39,0.533,,9,13,22,23.9
1990,26.78850103,CHI,0,MIA,1,7,36,0.688,,5,7,36,30.1
1990,26.79671458,CHI,1,DEN,1,20,33,0.556,0.0,17,7,35,36.0
1990,26.80492813,CHI,0,IND,0,-2,46,0.56,0.333,8,10,36,31.8
1990,26.80766598,CHI,1,PHI,1,20,36,0.619,0.5,9,9,29,27.3
1990,26.81587953,CHI,1,DAL,1,8,41,0.621,1.0,7,7,41,35.2
1990,26.82135524,CHI,1,ORL,1,11,25,0.7,1.0,7,5,38,35.4
1990,26.82683094,CHI,1,CHH,1,11,41,0.464,0.0,9,7,33,28.4
1990,26.83504449,CHI,1,LAL,1,10,44,0.517,0.5,7,5,37,23.6
1990,26.83778234,CHI,0,ORL,0,-1,45,0.541,0.667,5,7,52,40.7
1990,26.84325804,CHI,0,ATL,1,12,32,0.588,0.667,4,4,29,21.1
1990,26.84599589,CHI,0,PHI,0,-27,30,0.385,0.0,4,6,16,11.9
1990,26.85420945,CHI,1,MIN,1,13,35,0.706,0.6,2,4,28,24.4
1990,26.862423,CHI,1,SAS,1,4,42,0.385,0.5,5,7,34,23.2
1990,26.86516085,CHI,0,WSB,1,5,43,0.5,0.0,7,10,28,26.0
1990,26.87611225,CHI,0,CLE,1,6,46,0.469,0.0,8,8,38,31.0
1990,26.88158795,CHI,1,ORL,1,11,41,0.613,0.4,4,6,43,33.7
1990,26.8843258,CHI,0,MIL,0,-7,41,0.565,0.429,9,5,35,28.8
1990,26.89253936,CHI,0,DET,0,-10,34,0.353,0.333,8,5,16,11.1
1990,26.89527721,CHI,0,IND,0,-7,42,0.433,0.333,7,5,35,26.3
1990,26.90075291,CHI,0,CHH,1,12,40,0.679,0.0,4,6,45,35.8
1990,26.90349076,CHI,1,LAC,1,6,34,0.524,0.5,5,10,28,29.0
1990,26.90896646,CHI,0,NYK,0,-3,42,0.375,0.0,4,8,26,16.4
1990,26.91718001,CHI,1,GSW,1,25,33,0.567,0.583,12,8,44,39.4
1990,26.91991786,CHI,0,ATL,1,8,40,0.5,0.0,9,3,36,28.0
1990,26.92539357,CHI,1,NYK,1,8,41,0.588,0.8,10,7,42,41.4
1990,26.93086927,CHI,1,DET,0,-12,45,0.355,0.167,6,2,32,14.6
1990,26.93908282,CHI,0,PHI,0,-11,42,0.444,0.0,5,11,31,25.9
1990,26.94182067,CHI,1,NJN,1,3,35,0.6,0.333,7,4,39,33.0
1990,26.94729637,CHI,1,ATL,1,10,30,0.5,0.0,7,9,16,14.7
1990,26.95550992,CHI,0,HOU,0,-27,38,0.516,0.0,6,5,35,24.4
1990,26.96098563,CHI,0,SAS,0,-1,46,0.531,0.5,3,5,44,31.8
1990,26.97193703,CHI,0,LAL,0,-18,40,0.571,0.0,4,4,32,16.0
1990,26.97467488,CHI,0,DEN,0,-25,37,0.278,0.5,1,8,15,6.4
1990,26.98836413,CHI,0,MIA,1,12,40,0.5,0.0,4,6,26,21.8
1990,26.99110198,CHI,0,ORL,0,-6,47,0.488,0.0,7,2,49,30.3
1990,26.99657769,CHI,1,MIA,1,14,31,0.714,0.5,3,4,26,19.7
1990,27.00273785,CHI,0,MIL,1,23,36,0.577,0.0,3,4,39,31.6
1990,27.0054757,CHI,1,HOU,1,5,42,0.44,,6,9,30,21.2
1990,27.0164271,CHI,1,POR,1,11,35,0.48,1.0,10,10,35,26.1
1990,27.02190281,CHI,0,NJN,1,1,44,0.5,0.0,8,8,32,24.8
1990,27.02737851,CHI,1,MIL,1,10,41,0.52,0.0,6,6,43,35.1
1990,27.03559206,CHI,1,NJN,1,21,31,0.667,0.5,4,4,23,23.0
1990,27.04106776,CHI,0,BOS,1,4,40,0.478,1.0,6,11,36,33.4
1990,27.04654346,CHI,0,MIL,1,9,37,0.538,0.5,8,6,35,29.4
1990,27.05201916,CHI,1,UTA,0,-4,47,0.414,0.0,7,4,43,35.2
1990,27.05749487,CHI,1,IND,1,12,39,0.63,0.5,7,3,45,39.6
1990,27.06570842,CHI,0,NYK,1,3,42,0.579,0.333,8,7,34,29.7
1990,27.07392197,CHI,1,DET,0,-25,41,0.471,0.6,8,7,20,14.6
1990,27.07665982,CHI,1,PHI,1,5,39,0.619,0.5,8,10,32,32.2
1990,27.08487337,CHI,1,WSB,1,25,39,0.421,0.5,8,5,21,17.6
1990,27.08761123,CHI,0,ATL,1,10,38,0.5,0.0,4,6,27,25.6
1990,27.09308693,CHI,1,CLE,1,7,40,0.563,0.0,6,5,41,33.8
1990,27.09582478,CHI,1,SAC,0,-3,39,0.571,0.667,5,6,43,38.3
1990,27.10130048,CHI,1,PHO,1,29,28,0.583,0.0,12,5,28,29.5
1990,27.10677618,CHI,0,CLE,1,4,50,0.622,0.333,18,6,69,64.6
1990,27.11225188,CHI,1,NYK,1,1,45,0.588,0.333,12,4,49,42.8
1990,27.11772758,CHI,1,MIA,1,8,41,0.69,0.5,6,7,47,40.3
1990,27.12320329,CHI,1,IND,1,7,44,0.421,0.25,4,10,29,27.3
1990,27.12867899,CHI,1,ORL,1,7,39,0.609,0.333,7,3,38,33.2
1990,27.13415469,CHI,0,DAL,1,1,40,0.577,0.6,3,4,43,35.6
1990,27.14510609,CHI,1,CLE,1,21,31,0.6,0.25,5,7,22,21.2
1990,27.15058179,CHI,1,MIL,1,10,39,0.625,0.25,6,10,26,31.8
1990,27.15331964,CHI,0,WSB,0,-10,37,0.476,0.5,3,5,21,12.1
1990,27.15879535,CHI,0,IND,0,-9,45,0.458,0.0,7,6,23,13.7
1990,27.1615332,CHI,1,BOS,1,6,36,0.542,0.667,11,6,35,26.4
1990,27.1670089,CHI,1,WSB,1,3,36,0.462,0.4,6,7,32,27.6
1990,27.16974675,CHI,0,BOS,0,-4,35,0.724,0.0,8,9,45,40.2
1990,27.17522245,CHI,0,DET,0,-5,37,0.435,0.333,10,4,22,15.3
1991,27.7063655,CHI,1,PHI,0,-8,34,0.583,0.333,5,7,34,30.8
1991,27.70910335,CHI,0,WSB,0,-1,46,0.5,,10,1,28,19.3
1991,27.71731691,CHI,1,BOS,0,-2,45,0.5,0.0,8,12,33,30.0
1991,27.72005476,CHI,0,MIN,1,5,39,0.5,,5,6,17,13.4
1991,27.72553046,CHI,0,BOS,1,20,34,0.68,0.0,5,6,41,33.8
1991,27.72826831,CHI,1,CHH,1,19,36,0.533,,6,8,23,22.7
1991,27.73648186,CHI,0,UTA,1,2,38,0.455,1.0,11,5,29,25.8
1991,27.74195756,CHI,0,GSW,0,-10,38,0.5,0.0,8,6,14,13.1
1991,27.74743326,CHI,0,SEA,1,21,27,0.65,,4,3,33,34.2
1991,27.75017112,CHI,0,POR,0,-13,41,0.48,0.0,5,7,29,20.4
1991,27.75838467,CHI,0,PHO,0,-2,40,0.469,,4,4,34,22.2
1991,27.76386037,CHI,0,LAC,1,8,31,0.417,,6,7,14,15.3
1991,27.76659822,CHI,0,DEN,1,6,40,0.583,,7,12,38,37.2
1991,27.77754962,CHI,1,WSB,1,24,27,0.733,,2,7,24,24.9
1991,27.78302533,CHI,1,IND,1,29,33,0.789,,5,3,37,33.7
1991,27.78576318,CHI,0,CLE,1,35,30,0.722,1.0,2,4,32,27.8
1991,27.79397673,CHI,1,PHO,1,28,35,0.545,,4,7,27,19.6
1991,27.80219028,CHI,1,NYK,1,10,39,0.56,0.0,7,9,33,35.8
1991,27.80492813,CHI,1,POR,0,-8,40,0.571,0.0,6,3,35,22.5
1991,27.81314168,CHI,0,MIL,0,-12,39,0.565,,4,5,31,22.9
1991,27.82135524,CHI,1,LAC,1,40,30,0.533,,8,8,20,18.9
1991,27.82409309,CHI,1,CLE,1,18,27,0.647,,9,6,24,30.1
1991,27.83230664,CHI,1,MIA,1,9,36,0.636,,9,6,39,41.5
1991,27.83504449,CHI,0,DET,0,-21,37,0.591,0.0,5,6,33,28.9
1991,27.84052019,CHI,1,LAL,1,11,44,0.467,0.0,15,9,33,31.7
1991,27.84325804,CHI,1,IND,1,10,34,0.5,,7,5,29,22.0
1991,27.85147159,CHI,1,DET,1,12,43,0.609,1.0,8,3,37,30.8
1991,27.8569473,CHI,1,GSW,1,15,34,0.68,0.5,14,7,42,42.3
1991,27.862423,CHI,1,SEA,1,25,37,0.417,0.0,10,4,31,26.4
1991,27.87611225,CHI,0,HOU,0,-22,33,0.591,,3,7,32,26.1
1991,27.88158795,CHI,1,CLE,1,16,37,0.462,,3,4,30,21.8
1991,27.88980151,CHI,1,NJN,1,9,32,0.643,1.0,6,4,41,35.6
1991,27.89253936,CHI,0,PHI,1,8,41,0.593,0.0,4,9,40,32.3
1991,27.89801506,CHI,1,ATL,1,3,42,0.522,0.0,6,6,31,21.8
1991,27.90075291,CHI,0,CHH,1,11,38,0.524,,3,3,33,21.5
1991,27.90622861,CHI,1,MIL,1,13,45,0.481,0.333,10,9,34,30.4
1991,27.91170431,CHI,0,ORL,1,11,38,0.407,,4,4,29,17.8
1991,27.91718001,CHI,0,ATL,0,-9,41,0.464,0.0,7,8,30,21.5
1991,27.92539357,CHI,0,MIA,1,11,39,0.607,0.0,6,5,37,29.4
1991,27.93086927,CHI,0,NJN,0,-4,41,0.391,1.0,6,5,35,28.6
1991,27.93634497,CHI,1,MIA,1,21,28,0.714,1.0,3,2,26,24.3
1991,27.95277207,CHI,0,SAS,0,-4,39,0.409,1.0,3,3,36,24.4
1991,27.95550992,CHI,0,DAL,1,11,38,0.556,,6,8,31,28.2
1991,27.96098563,CHI,0,LAL,0,-13,40,0.455,,7,9,23,24.7
1991,27.96372348,CHI,0,SAC,1,11,33,0.5,,2,5,24,18.5
1991,27.97193703,CHI,0,DET,1,2,41,0.476,0.0,9,3,30,22.7
1991,27.98562628,CHI,1,ATL,1,9,37,0.545,0.5,4,7,32,26.3
1991,27.99110198,CHI,0,NYK,1,10,36,0.65,0.5,2,3,29,26.2
1991,27.99657769,CHI,1,NJN,1,12,39,0.423,1.0,11,7,26,16.8
1991,28.00273785,CHI,0,CLE,1,15,38,0.458,0.0,6,5,32,27.1
1991,28.0054757,CHI,1,WSB,1,5,38,0.556,0.0,12,4,40,32.1
1991,28.01368925,CHI,1,SAC,1,47,28,0.647,1.0,3,4,34,35.8
1991,28.0164271,CHI,1,CHH,1,21,35,0.545,0.333,3,3,29,24.6
1991,28.02464066,CHI,1,BOS,1,30,35,0.586,1.0,8,4,39,36.6
1991,28.03285421,CHI,1,DAL,1,23,35,0.55,1.0,11,8,29,24.9
1991,28.03559206,CHI,0,IND,0,-21,38,0.348,0.0,5,2,22,13.4
1991,28.04380561,CHI,1,MIL,1,18,37,0.391,,9,2,30,18.5
1991,28.05201916,CHI,1,UTA,1,10,39,0.483,,5,2,37,26.0
1991,28.05749487,CHI,0,ATL,1,35,30,0.769,1.0,9,9,25,23.8
1991,28.06297057,CHI,1,MIN,1,32,29,0.467,0.2,5,10,20,20.8
1991,28.06570842,CHI,0,MIL,1,1,41,0.577,0.0,8,4,39,32.2
1991,28.07118412,CHI,0,CHH,1,13,40,0.571,0.0,5,8,34,28.3
1991,28.07392197,CHI,0,CLE,1,4,38,0.56,0.0,3,3,37,29.5
1991,28.07939767,CHI,1,DEN,1,13,29,0.579,0.667,6,2,31,22.2
1991,28.08487337,CHI,1,ATL,1,22,30,0.643,1.0,5,11,22,21.1
1991,28.09034908,CHI,0,PHI,0,-5,40,0.348,0.0,5,5,20,8.8
1991,28.09308693,CHI,1,IND,1,14,40,0.6,0.0,2,5,39,32.4
1991,28.09856263,CHI,1,HOU,0,-10,37,0.6,0.0,7,4,34,32.1
1991,28.10677618,CHI,0,NJN,1,34,30,0.615,,1,4,42,30.1
1991,28.10951403,CHI,0,WSB,1,18,35,0.412,0.5,5,5,20,16.8
1991,28.11498973,CHI,0,BOS,0,-3,51,0.333,0.0,7,9,37,23.0
1991,28.12046543,CHI,1,ORL,1,4,41,0.654,,4,6,44,38.8
1991,28.12594114,CHI,0,NYK,1,10,35,0.5,0.0,8,4,34,25.2
1991,28.12867899,CHI,1,SAS,0,-3,36,0.5,0.25,5,9,39,32.8
1991,28.13415469,CHI,1,PHI,0,-3,48,0.593,,4,5,41,36.2
1991,28.13963039,CHI,1,NYK,1,2,37,0.556,0.333,6,8,28,27.4
1991,28.14236824,CHI,0,IND,1,5,41,0.571,,5,4,28,19.1
1991,28.14784394,CHI,0,DET,0,-4,43,0.542,0.5,8,4,40,29.7
1991,28.15605749,CHI,1,MIL,1,9,39,0.63,0.0,5,2,46,34.2
1991,28.1615332,CHI,0,MIA,1,10,40,0.45,0.0,5,5,26,21.2
1991,28.1670089,CHI,0,CHH,1,16,39,0.682,0.0,5,5,41,36.4
1991,28.1724846,CHI,1,DET,1,8,30,0.4,0.0,3,1,18,11.5
1992,28.70362765,CHI,1,PHI,1,20,30,0.611,0.0,5,4,26,22.6
1992,28.7063655,CHI,0,MIL,0,-2,42,0.655,0.5,3,3,46,37.6
1992,28.71457906,CHI,1,GSW,0,-8,46,0.773,0.5,7,4,40,30.6
1992,28.71731691,CHI,0,BOS,1,19,38,0.615,0.75,3,6,44,36.2
1992,28.72279261,CHI,1,DAL,1,16,36,0.667,,7,5,26,28.3
1992,28.72553046,CHI,1,ORL,1,31,35,0.5,0.0,5,9,27,24.5
1992,28.73374401,CHI,1,DET,1,17,29,0.571,0.0,3,4,20,18.1
1992,28.73648186,CHI,0,CHH,1,22,33,0.579,0.333,6,5,35,34.5
1992,28.74195756,CHI,1,MIL,1,13,37,0.5,,7,11,17,19.4
1992,28.75564682,CHI,0,GSW,1,4,45,0.48,,9,7,35,29.0
1992,28.76112252,CHI,0,SEA,1,3,45,0.423,0.0,6,4,31,20.4
1992,28.76386037,CHI,0,DEN,1,7,41,0.536,0.0,6,3,37,24.0
1992,28.77207392,CHI,0,LAC,1,37,33,0.579,0.0,10,5,23,14.4
1992,28.78028747,CHI,0,POR,1,2,51,0.41,0.0,8,7,40,25.9
1992,28.78302533,CHI,0,SAC,1,16,39,0.619,0.0,6,8,30,23.0
1992,28.79397673,CHI,1,CLE,1,6,41,0.35,0.0,9,9,16,8.6
1992,28.79945243,CHI,1,CHH,1,18,34,0.421,0.5,11,10,19,17.6
1992,28.80219028,CHI,0,PHI,0,-3,41,0.48,0.0,14,9,32,29.1
1992,28.81040383,CHI,1,SEA,1,5,39,0.35,0.0,11,1,19,10.3
1992,28.81861739,CHI,1,NYK,1,10,43,0.5,0.0,8,6,27,24.0
1992,28.82135524,CHI,0,WSB,1,13,33,0.632,0.0,9,1,29,25.8
1992,28.82956879,CHI,1,LAL,0,-13,38,0.3,0.0,4,7,21,19.0
1992,28.83778234,CHI,0,NJN,1,17,30,0.444,,5,4,24,21.7
1992,28.84052019,CHI,1,ATL,1,14,43,0.667,1.0,9,10,37,37.6
1992,28.85147159,CHI,1,BOS,1,22,35,0.429,0.0,8,5,14,14.2
1992,28.85420945,CHI,0,ATL,1,11,44,0.484,0.5,3,6,34,23.1
1992,28.85968515,CHI,1,SAC,1,9,36,0.55,0.0,2,8,33,26.3
1992,28.86516085,CHI,0,IND,1,5,44,0.526,0.0,6,7,29,25.2
1992,28.87611225,CHI,0,MIL,0,-5,40,0.655,0.0,6,7,44,36.4
1992,28.8788501,CHI,1,NJN,1,44,32,0.6,,5,1,27,22.4
1992,28.88706366,CHI,1,WSB,1,13,37,0.467,1.0,5,9,21,21.6
1992,28.88980151,CHI,0,MIA,1,2,47,0.63,,6,8,40,31.3
1992,28.89527721,CHI,1,UTA,1,15,37,0.6,0.5,5,4,37,28.7
1992,28.89801506,CHI,1,MIA,1,9,39,0.526,,6,7,30,26.5
1992,28.90622861,CHI,1,PHI,1,23,33,0.55,0.0,5,4,26,25.1
1992,28.91170431,CHI,0,CLE,1,15,39,0.577,0.0,4,8,35,28.3
1992,28.91444216,CHI,1,SAS,1,6,38,0.435,1.0,4,8,31,24.5
1992,28.91991786,CHI,0,DET,1,2,45,0.444,0.0,6,6,34,22.1
1992,28.92539357,CHI,1,PHO,1,6,41,0.565,,5,7,30,26.4
1992,28.92813142,CHI,0,CHH,1,3,43,0.389,0.5,6,4,23,16.2
1992,28.93360712,CHI,1,DET,1,24,30,0.643,,2,5,20,17.7
1992,28.93634497,CHI,1,HOU,1,14,41,0.444,1.0,3,5,35,24.4
1992,28.94455852,CHI,0,SAS,0,-5,44,0.484,0.0,9,7,39,29.9
1992,28.95003422,CHI,0,HOU,0,-3,43,0.346,0.0,5,5,22,14.0
1992,28.95277207,CHI,0,DAL,1,15,37,0.588,0.0,10,9,25,25.6
1992,28.95824778,CHI,0,LAL,1,6,44,0.481,1.0,8,11,33,24.0
1992,28.96098563,CHI,0,UTA,0,-3,56,0.382,1.0,13,8,34,23.6
1992,28.98288843,CHI,1,NJN,1,20,34,0.565,,6,7,34,31.4
1992,28.98836413,CHI,0,NYK,1,21,35,0.267,,2,5,17,11.0
1992,28.99383984,CHI,1,NYK,1,1,42,0.375,,5,2,29,17.9
1992,29.0,CHI,1,CLE,0,-1,43,0.656,0.0,4,6,46,34.0
1992,29.0054757,CHI,0,ORL,1,13,38,0.478,0.0,10,8,27,23.7
1992,29.0109514,CHI,0,ATL,1,15,46,0.609,,10,14,33,34.5
1992,29.01368925,CHI,1,MIN,1,15,35,0.481,0.0,6,8,30,24.3
1992,29.02190281,CHI,0,DET,0,-2,42,0.5,,4,6,23,19.9
1992,29.02464066,CHI,1,WSB,1,19,27,0.588,0.333,4,1,26,22.4
1992,29.03011636,CHI,0,MIL,1,4,41,0.444,,6,6,24,20.8
1992,29.03559206,CHI,1,POR,1,20,36,0.435,0.0,9,7,31,22.9
1992,29.04106776,CHI,1,IND,0,-2,39,0.571,,7,5,27,20.2
1992,29.04654346,CHI,0,MIN,1,13,39,0.538,,5,5,33,25.3
1992,29.04928131,CHI,1,MIA,1,42,28,0.6,0.0,6,2,27,20.9
1992,29.05475702,CHI,0,PHI,1,4,43,0.462,0.0,11,8,34,28.3
1992,29.06297057,CHI,1,BOS,1,34,35,0.609,,13,3,32,24.1
1992,29.07118412,CHI,0,ORL,1,16,38,0.5,0.0,10,9,26,26.3
1992,29.07665982,CHI,0,MIA,1,16,39,0.556,0.0,9,13,37,34.0
1992,29.07939767,CHI,0,NJN,1,11,45,0.5,,10,4,40,31.0
1992,29.08487337,CHI,0,WSB,1,6,43,0.633,1.0,11,3,51,43.1
1992,29.09034908,CHI,1,ORL,0,-3,38,0.455,,15,4,25,21.8
1992,29.09856263,CHI,1,DEN,1,13,41,0.581,0.667,6,6,50,41.1
1992,29.10951403,CHI,1,CLE,1,24,37,0.656,0.0,4,6,44,36.6
1992,29.11772758,CHI,0,NYK,1,6,40,0.565,0.0,4,3,36,29.1
1992,29.12046543,CHI,1,CHH,1,6,39,0.5,0.333,2,5,31,23.9
1992,29.12594114,CHI,1,LAC,1,11,42,0.294,0.0,6,7,15,6.8
1992,29.13141684,CHI,0,BOS,0,-11,40,0.429,0.0,2,2,26,11.6
1992,29.13689254,CHI,1,MIL,1,15,37,0.545,0.4,5,7,30,28.3
1992,29.14510609,CHI,0,IND,1,12,42,0.533,1.0,4,6,35,26.8
1992,29.14784394,CHI,1,IND,1,2,37,0.4,,5,8,23,23.6
1992,29.15331964,CHI,1,ATL,1,7,23,0.5,0.0,1,7,12,12.5
1992,29.16427105,CHI,0,ATL,1,26,32,0.563,,4,8,21,13.6
1992,29.16974675,CHI,1,DET,1,18,39,0.529,,2,7,32,23.7
1993,29.72005476,CHI,0,CLE,1,5,37,0.462,0.0,6,2,29,22.3
1993,29.72279261,CHI,1,ATL,0,-1,39,0.448,0.25,4,11,35,24.8
1993,29.72826831,CHI,1,IND,1,5,42,0.5,0.0,2,12,24,20.2
1993,29.73374401,CHI,1,DET,1,2,52,0.542,1.0,10,4,37,26.5
1993,29.73921971,CHI,0,MIL,1,5,42,0.452,0.0,6,4,34,21.5
1993,29.74195756,CHI,1,DEN,1,33,22,0.538,0.4,4,7,18,19.1
1993,29.75017112,CHI,0,MIN,1,21,31,0.667,1.0,3,5,32,28.6
1993,29.75564682,CHI,0,SEA,1,9,34,0.636,0.5,6,2,35,28.4
1993,29.75838467,CHI,0,LAL,0,-2,47,0.538,0.5,13,7,54,41.2
1993,29.76386037,CHI,0,PHO,1,17,39,0.593,0.0,3,7,40,37.7
1993,29.76933607,CHI,0,GSW,1,9,44,0.6,0.333,5,7,49,39.5
1993,29.78028747,CHI,0,NYK,0,-37,38,0.2,0.0,6,4,17,10.6
1993,29.79671458,CHI,1,POR,1,12,38,0.6,1.0,13,2,38,32.2
1993,29.79945243,CHI,1,BOS,1,7,37,0.4,0.0,3,5,24,16.4
1993,29.80766598,CHI,0,ATL,0,-9,46,0.5,0.5,12,8,32,25.4
1993,29.81040383,CHI,1,CLE,1,17,35,0.455,0.333,11,10,28,29.3
1993,29.81587953,CHI,1,HOU,0,-14,40,0.478,0.333,11,4,26,17.1
1993,29.81861739,CHI,1,NJN,1,6,41,0.5,0.5,6,3,38,26.6
1993,29.82683094,CHI,1,CHH,1,15,33,0.524,1.0,4,6,25,19.5
1993,29.83230664,CHI,0,WSB,1,8,40,0.414,0.0,7,8,28,23.8
1993,29.83778234,CHI,1,PHI,0,-2,42,0.423,0.25,10,10,23,22.9
1993,29.84325804,CHI,1,MIA,1,4,43,0.316,0.333,8,3,18,16.0
1993,29.84873374,CHI,1,WSB,1,9,42,0.595,0.75,2,10,57,48.6
1993,29.85420945,CHI,1,NYK,1,12,41,0.441,0.0,8,5,42,27.4
1993,29.8569473,CHI,0,IND,1,11,40,0.364,0.333,9,8,17,11.3
1993,29.86516085,CHI,0,CHH,1,11,42,0.36,0.333,12,11,28,23.9
1993,29.8678987,CHI,0,MIA,1,5,40,0.5,0.0,6,8,39,39.2
1993,29.87611225,CHI,1,IND,1,9,40,0.519,0.5,8,5,39,29.8
1993,29.8843258,CHI,1,LAL,0,-3,41,0.484,0.167,4,5,36,24.7
1993,29.88706366,CHI,0,CLE,0,-22,34,0.455,0.0,8,3,23,14.7
1993,29.89253936,CHI,1,MIL,1,25,35,0.577,0.4,8,7,35,32.5
1993,29.89527721,CHI,0,PHI,0,-13,44,0.361,0.0,11,6,30,15.3
1993,29.90349076,CHI,0,ORL,1,16,37,0.409,0.0,8,4,23,18.9
1993,29.91170431,CHI,1,GSW,1,21,38,0.526,0.5,12,10,26,32.1
1993,29.91444216,CHI,1,ORL,0,-4,47,0.551,0.2,6,1,64,44.8
1993,29.91991786,CHI,1,BOS,1,10,30,0.455,0.0,8,3,29,25.6
1993,29.92813142,CHI,0,NJN,1,13,39,0.5,0.5,3,4,30,22.3
1993,29.93086927,CHI,1,CHH,0,-8,43,0.385,0.0,6,2,28,17.7
1993,29.93634497,CHI,0,SAS,0,-4,44,0.457,0.0,11,3,42,31.1
1993,29.94182067,CHI,0,DAL,1,35,27,0.467,0.25,10,4,15,12.7
1993,29.94729637,CHI,0,HOU,0,-11,39,0.444,1.0,6,4,26,17.3
1993,29.95277207,CHI,0,DEN,0,-7,41,0.452,0.0,7,5,39,29.0
1993,29.95824778,CHI,0,UTA,1,4,43,0.464,0.333,7,2,37,23.4
1993,29.96372348,CHI,0,SAC,1,19,39,0.538,1.0,3,2,36,23.7
1993,29.96646133,CHI,0,LAC,1,2,47,0.382,0.0,6,4,33,17.5
1993,29.97467488,CHI,0,POR,1,10,43,0.464,0.571,11,5,34,28.8
1993,29.98288843,CHI,0,IND,1,11,42,0.593,0.333,9,8,40,37.6
1993,29.99110198,CHI,1,CLE,0,-5,43,0.545,0.0,6,5,25,19.6
1993,29.99657769,CHI,1,SAC,1,18,37,0.571,0.0,8,6,32,28.6
1993,30.0,CHI,1,UTA,1,18,34,0.4,0.333,8,6,27,20.1
1993,30.0164271,CHI,1,MIL,1,4,41,0.577,0.0,3,4,34,25.6
1993,30.02190281,CHI,0,ORL,1,2,41,0.448,0.333,4,4,36,25.3
1993,30.02737851,CHI,1,ATL,1,20,36,0.481,0.75,9,8,34,29.0
1993,30.03559206,CHI,0,NJN,1,7,40,0.471,0.333,9,8,24,17.4
1993,30.05475702,CHI,1,SEA,1,3,41,0.536,0.0,4,9,38,35.8
1993,30.06023272,CHI,0,MIA,0,-2,38,0.44,0.5,5,8,29,20.0
1993,30.06297057,CHI,1,CHH,1,15,43,0.6,0.5,9,5,52,44.4
1993,30.06844627,CHI,0,DET,0,-2,43,0.44,0.333,5,6,28,20.8
1993,30.07118412,CHI,1,LAC,1,7,38,0.455,0.0,9,4,23,13.7
1993,30.08213552,CHI,1,WSB,1,5,39,0.333,,3,5,25,15.6
1993,30.08487337,CHI,0,WSB,1,25,31,0.593,1.0,8,4,47,39.1
1993,30.09308693,CHI,1,MIN,1,7,42,0.571,0.667,5,7,34,33.2
1993,30.09582478,CHI,0,PHI,1,13,39,0.69,0.5,2,4,43,30.9
1993,30.10130048,CHI,1,ORL,1,21,33,0.357,,7,6,18,17.1
1993,30.11225188,CHI,1,PHO,0,-4,40,0.613,0.0,3,5,44,34.5
1993,30.12046543,CHI,1,NJN,1,13,38,0.667,,7,7,40,40.1
1993,30.12594114,CHI,0,BOS,1,12,40,0.609,1.0,5,2,32,20.8
1993,30.13141684,CHI,0,MIL,0,-4,44,0.433,0.167,5,6,30,17.3
1993,30.13963039,CHI,0,ATL,1,1,44,0.522,0.333,12,4,30,23.1
1993,30.14236824,CHI,0,IND,1,5,42,0.44,0.0,6,5,25,18.4
1993,30.14784394,CHI,0,DET,1,3,41,0.429,0.0,6,4,23,14.3
1993,30.15331964,CHI,1,MIA,1,27,31,0.632,0.75,4,4,34,29.7
1993,30.15879535,CHI,1,MIL,1,14,35,0.6,0.0,7,5,47,43.5
1993,30.16427105,CHI,0,CLE,0,-9,45,0.5,0.0,1,9,32,22.1
1993,30.16974675,CHI,1,PHI,1,29,27,0.545,0.5,3,4,28,28.1
1993,30.17522245,CHI,1,DET,1,6,46,0.556,0.0,7,4,36,26.8
1993,30.1779603,CHI,0,CHH,0,-1,38,0.556,0.5,4,3,38,25.2
1993,30.183436,CHI,0,NYK,0,-5,37,0.357,0.0,6,7,21,10.6
1995,32.08213552,CHI,0,IND,0,-7,43,0.25,0.0,6,6,19,7.4
1995,32.09034908,CHI,0,BOS,1,17,26,0.529,0.333,3,3,27,22.8
1995,32.09582478,CHI,1,ORL,0,-7,44,0.304,0.0,4,8,21,16.5
1995,32.09856263,CHI,0,ATL,1,1,43,0.538,0.0,4,2,32,22.2
1995,32.10677618,CHI,0,NYK,1,2,39,0.568,0.75,4,2,55,37.5
1995,32.11225188,CHI,1,BOS,1,18,39,0.471,1.0,11,6,23,16.2
1995,32.11772758,CHI,1,PHI,1,7,35,0.263,0.0,5,6,12,3.9
1995,32.12867899,CHI,0,NJN,1,7,43,0.419,1.0,11,2,37,25.3
1995,32.13415469,CHI,1,CLE,1,9,42,0.333,0.5,8,9,28,17.7
1995,32.13963039,CHI,0,CLE,0,-1,46,0.346,0.667,9,5,21,11.7
1995,32.14510609,CHI,1,IND,1,7,42,0.296,1.0,11,6,25,16.6
1995,32.14784394,CHI,0,DET,1,11,44,0.522,0.5,9,9,29,21.5
1995,32.15879535,CHI,1,NYK,1,21,37,0.421,,6,4,28,25.2
1995,32.1615332,CHI,0,MIA,1,5,40,0.429,,5,4,31,24.2
1995,32.16974675,CHI,1,DET,1,15,27,0.444,,8,7,17,18.1
1995,32.17522245,CHI,1,CHH,1,16,33,0.5,0.0,2,4,19,12.6
1995,32.1779603,CHI,0,MIL,0,-4,45,0.379,1.0,11,7,33,23.8
1996,32.70910335,CHI,1,CHH,1,14,39,0.552,0.429,6,7,42,31.8
1996,32.7118412,CHI,1,BOS,1,22,21,0.417,0.0,0,3,15,12.0
1996,32.72005476,CHI,1,TOR,1,9,40,0.684,0.75,4,5,38,37.2
1996,32.72553046,CHI,0,CLE,1,18,37,0.5,0.5,5,3,29,16.0
1996,32.73100616,CHI,1,POR,1,4,40,0.478,0.0,3,7,36,28.0
1996,32.73921971,CHI,0,ORL,0,-6,40,0.4,0.429,7,6,23,17.3
1996,32.74195756,CHI,1,CLE,1,19,29,0.7,0.5,7,2,20,18.1
1996,32.74743326,CHI,1,NJN,1,15,35,0.438,0.0,3,3,18,10.8
1996,32.75838467,CHI,0,DAL,1,6,45,0.48,0.0,8,5,36,31.0
1996,32.76112252,CHI,0,SAS,1,9,43,0.556,1.0,9,2,38,26.6
1996,32.76659822,CHI,0,UTA,1,5,40,0.429,0.4,8,6,34,24.1
1996,32.77207392,CHI,0,SEA,0,-5,40,0.316,0.0,5,4,22,13.4
1996,32.77481177,CHI,0,POR,1,3,41,0.591,0.0,3,8,33,28.1
1996,32.78302533,CHI,0,VAN,1,6,39,0.538,0.0,3,4,29,20.7
1996,32.78850103,CHI,0,LAC,1,6,43,0.591,0.0,11,5,37,35.9
1996,32.79945243,CHI,1,NYK,1,7,45,0.296,,3,8,22,11.6
1996,32.80492813,CHI,1,SAS,1,19,36,0.478,0.0,5,6,28,23.5
1996,32.80766598,CHI,0,MIL,1,12,42,0.571,,5,4,45,34.9
1996,32.81861739,CHI,1,ORL,1,9,43,0.5,0.571,6,2,36,21.3
1996,32.82135524,CHI,0,ATL,1,19,31,0.5,0.25,3,1,22,11.8
1996,32.82683094,CHI,1,LAL,1,20,38,0.25,0.0,7,6,20,17.0
1996,32.83230664,CHI,0,BOS,1,9,40,0.593,0.0,6,3,37,29.4
1996,32.83504449,CHI,1,DAL,1,13,36,0.522,0.0,4,4,32,25.7
1996,32.84325804,CHI,1,TOR,1,9,40,0.474,0.667,10,5,27,25.6
1996,32.84599589,CHI,1,UTA,1,14,37,0.545,0.5,7,8,30,28.4
1996,32.85420945,CHI,0,IND,0,-6,43,0.393,0.5,10,4,30,19.8
1996,32.862423,CHI,1,IND,1,27,36,0.4,0.0,7,3,29,19.0
1996,32.86516085,CHI,1,ATL,1,2,42,0.519,0.5,7,6,33,24.5
1996,32.87611225,CHI,1,HOU,1,14,40,0.586,1.0,8,5,38,32.0
1996,32.8788501,CHI,0,CHH,1,24,34,0.55,0.0,5,5,27,21.6
1996,32.8843258,CHI,1,MIL,1,29,37,0.5,0.5,2,3,32,27.2
1996,32.89527721,CHI,1,SEA,1,26,36,0.56,0.5,14,5,35,26.7
1996,32.90349076,CHI,0,PHI,1,27,34,0.643,0.714,10,2,48,40.5
1996,32.90896646,CHI,0,WSB,1,7,39,0.516,0.429,4,2,46,27.3
1996,32.91170431,CHI,1,PHI,1,12,32,0.591,0.333,7,2,32,27.3
1996,32.91718001,CHI,0,TOR,1,3,43,0.5,0.5,9,2,38,28.9
1996,32.92539357,CHI,0,DET,1,15,43,0.522,0.6,8,4,36,29.6
1996,32.93086927,CHI,0,NYK,1,20,36,0.565,0.75,6,4,33,27.3
1996,32.93360712,CHI,1,VAN,1,20,26,0.4,0.0,3,6,12,8.7
1996,32.93908282,CHI,1,MIA,1,22,35,0.476,0.333,9,4,25,15.8
1996,32.94455852,CHI,1,PHO,1,11,42,0.52,0.0,6,6,31,24.8
1996,32.95003422,CHI,0,HOU,1,11,43,0.269,0.167,8,1,22,11.3
1996,32.95550992,CHI,0,SAC,1,20,38,0.438,0.0,2,1,27,16.6
1996,32.95824778,CHI,0,LAL,1,15,39,0.471,,7,7,17,13.7
1996,32.96372348,CHI,0,DEN,0,-6,42,0.448,0.571,3,4,39,26.1
1996,32.96919918,CHI,0,PHO,0,-10,40,0.409,0.0,2,6,28,17.0
1996,32.97193703,CHI,0,GSW,1,4,46,0.484,,11,6,40,34.2
1996,32.98836413,CHI,1,WSB,1,13,36,0.478,0.667,9,3,32,20.3
1996,32.99383984,CHI,0,DET,1,3,49,0.333,0.0,8,5,32,22.9
1996,32.99657769,CHI,0,MIN,1,3,38,0.565,1.0,7,4,35,27.7
1996,33.00273785,CHI,0,IND,1,8,42,0.552,0.75,5,7,44,38.3
1996,33.00821355,CHI,1,CLE,1,26,35,0.316,,9,6,14,9.6
1996,33.01368925,CHI,0,ATL,1,5,43,0.577,1.0,3,3,34,23.9
1996,33.0164271,CHI,0,MIA,0,-9,40,0.429,0.25,9,5,31,26.3
1996,33.02190281,CHI,1,ORL,1,20,40,0.421,1.0,5,7,23,19.5
1996,33.02737851,CHI,1,MIN,1,21,41,0.458,0.667,6,7,35,29.9
1996,33.03559206,CHI,1,GSW,1,23,35,0.412,0.333,3,6,17,15.2
1996,33.03832991,CHI,1,BOS,1,32,32,0.533,0.0,8,8,21,25.4
1996,33.04654346,CHI,1,MIL,1,9,32,0.6,0.8,8,4,33,29.2
1996,33.05201916,CHI,1,DET,1,21,38,0.75,0.5,11,2,53,47.7
1996,33.06023272,CHI,0,NYK,0,-32,43,0.462,0.5,8,3,32,16.6
1996,33.06844627,CHI,1,WSB,1,17,36,0.48,0.333,6,5,37,26.4
1996,33.07392197,CHI,1,DEN,1,21,36,0.636,0.6,6,3,33,27.3
1996,33.07665982,CHI,0,NJN,1,4,43,0.483,0.4,16,5,37,32.9
1996,33.08213552,CHI,0,PHI,1,4,47,0.469,0.0,11,4,38,24.7
1996,33.08487337,CHI,1,SAC,1,22,35,0.438,0.0,9,3,20,12.0
1996,33.09034908,CHI,1,NYK,1,21,37,0.583,0.25,11,5,36,30.4
1996,33.09856263,CHI,0,TOR,0,-1,39,0.636,0.0,9,2,36,30.5
1996,33.10951403,CHI,1,ATL,1,31,30,0.417,0.0,5,7,13,12.3
1996,33.11498973,CHI,1,LAC,1,21,34,0.4,0.0,9,6,21,21.6
1996,33.12320329,CHI,0,MIA,1,18,37,0.478,0.667,8,3,32,24.6
1996,33.12867899,CHI,1,MIA,1,8,41,0.542,0.25,7,3,40,33.2
1996,33.13141684,CHI,0,CHH,1,34,28,0.625,1.0,5,4,24,20.7
1996,33.13689254,CHI,0,ORL,1,4,44,0.333,0.5,3,1,27,12.2
1996,33.13963039,CHI,1,CHH,0,-1,42,0.481,0.333,11,5,40,31.5
1996,33.14784394,CHI,0,NJN,1,13,26,0.444,0.0,7,3,17,11.8
1996,33.15058179,CHI,1,PHI,1,30,29,0.625,0.5,3,0,23,19.4
1996,33.15605749,CHI,0,CLE,1,26,35,0.611,0.571,12,3,32,28.7
1996,33.1615332,CHI,0,MIL,1,6,42,0.333,0.25,9,4,22,10.5
1996,33.1670089,CHI,1,DET,1,31,24,0.611,0.8,5,1,30,23.0
1996,33.1724846,CHI,1,IND,0,-1,31,0.391,0.4,2,6,24,13.0
1996,33.17522245,CHI,0,WSB,1,10,24,0.5,0.333,4,4,26,22.4
1997,33.7063655,CHI,0,BOS,1,9,43,0.455,0.0,4,3,30,19.3
1997,33.70910335,CHI,1,PHI,1,29,30,0.55,0.429,2,5,27,23.1
1997,33.71731691,CHI,1,VAN,1,23,31,0.5,0.6,7,3,22,17.2
1997,33.72005476,CHI,0,MIA,1,6,40,0.545,0.5,6,0,50,37.2
1997,33.72553046,CHI,0,DET,1,18,36,0.429,0.333,4,8,15,14.6
1997,33.72826831,CHI,1,BOS,1,12,32,0.435,0.0,3,3,27,17.3
1997,33.73374401,CHI,1,PHO,1,18,35,0.571,1.0,2,5,26,18.5
1997,33.73921971,CHI,1,MIA,1,32,34,0.348,0.0,5,3,28,17.3
1997,33.74469541,CHI,0,CHH,1,23,29,0.6,0.8,1,2,38,28.1
1997,33.74743326,CHI,1,ATL,1,28,35,0.478,0.0,5,3,25,14.7
1997,33.75838467,CHI,0,PHO,1,14,35,0.552,,4,4,37,25.6
1997,33.76112252,CHI,0,DEN,1,18,34,0.522,0.0,7,3,31,25.4
1997,33.76659822,CHI,0,UTA,0,-5,39,0.531,0.0,6,4,44,32.1
1997,33.77207392,CHI,0,LAC,1,4,43,0.538,0.333,7,2,40,32.5
1997,33.78302533,CHI,0,DAL,1,19,40,0.565,0.8,7,4,36,29.6
1997,33.78576318,CHI,0,SAS,1,9,38,0.4,0.4,9,3,35,19.9
1997,33.79397673,CHI,0,MIL,1,3,41,0.481,,6,6,40,28.5
1997,33.79945243,CHI,1,LAC,1,18,31,0.429,0.0,4,6,20,14.1
1997,33.80492813,CHI,1,MIA,0,-3,42,0.533,0.0,9,3,37,26.8
1997,33.80766598,CHI,0,TOR,0,-8,41,0.294,0.25,9,8,13,11.4
1997,33.81587953,CHI,1,MIN,1,17,36,0.625,1.0,7,3,27,26.0
1997,33.82135524,CHI,0,NJN,1,21,34,0.474,0.6,6,6,32,30.1
1997,33.82409309,CHI,1,CHH,1,5,41,0.385,0.0,9,5,29,24.6
1997,33.83230664,CHI,1,LAL,1,6,47,0.313,0.0,9,3,30,15.7
1997,33.83778234,CHI,0,CHH,1,21,36,0.481,0.375,8,1,35,25.7
1997,33.84325804,CHI,0,PHI,1,6,44,0.414,0.333,1,3,31,16.2
1997,33.84873374,CHI,1,NJN,1,32,33,0.556,0.0,3,4,24,16.5
1997,33.85420945,CHI,1,DET,1,12,46,0.429,0.0,10,2,23,13.7
1997,33.8569473,CHI,0,ATL,0,-5,40,0.4,0.4,3,1,34,23.6
1997,33.862423,CHI,1,CLE,1,5,42,0.52,0.0,7,5,45,36.1
1997,33.8678987,CHI,1,IND,1,2,40,0.414,0.2,7,4,28,15.8
1997,33.8788501,CHI,1,ORL,1,21,35,0.556,0.0,4,6,22,19.1
1997,33.88706366,CHI,1,UTA,1,13,40,0.4,0.667,8,3,23,19.8
1997,33.89801506,CHI,0,MIL,1,15,38,0.478,0.75,5,3,33,22.5
1997,33.90075291,CHI,1,HOU,1,24,39,0.48,0.667,6,7,32,24.6
1997,33.90896646,CHI,1,WSB,1,1,40,0.519,0.0,2,2,39,28.5
1997,33.91170431,CHI,0,MIN,1,10,35,0.545,0.2,3,4,25,16.4
1997,33.91718001,CHI,1,MIL,1,27,36,0.667,0.5,7,11,24,27.5
1997,33.92265572,CHI,0,HOU,0,-16,43,0.32,0.167,14,5,26,21.3
1997,33.92813142,CHI,1,NYK,1,1,43,0.6,0.625,4,4,51,40.8
1997,33.93360712,CHI,0,CLE,1,16,39,0.417,0.2,9,0,32,18.1
1997,33.93908282,CHI,1,TOR,1,12,31,0.625,0.75,3,4,24,22.1
1997,33.94729637,CHI,0,VAN,1,15,32,0.632,0.333,4,3,28,24.4
1997,33.95277207,CHI,0,SAC,1,18,40,0.579,0.2,6,2,32,25.7
1997,33.95550992,CHI,0,GSW,1,23,32,0.471,0.167,4,8,18,16.3
1997,33.96098563,CHI,0,SEA,1,7,45,0.679,0.667,7,3,45,37.2
1997,33.96646133,CHI,0,POR,1,4,41,0.5,0.25,5,2,36,25.5
1997,33.96919918,CHI,0,LAL,0,-16,40,0.417,0.4,4,4,27,17.5
1997,33.98562628,CHI,1,CHH,1,3,42,0.667,0.5,5,4,43,32.5
1997,33.99383984,CHI,0,ATL,1,1,45,0.464,0.5,8,4,30,19.2
1997,33.99931554,CHI,1,ORL,1,21,38,0.4,0.75,8,10,19,18.8
1997,34.00273785,CHI,1,DEN,1,11,32,0.556,0.333,5,12,24,27.5
1997,34.0109514,CHI,0,WSB,1,4,45,0.464,0.75,4,4,36,22.2
1997,34.01368925,CHI,1,GSW,1,33,31,0.684,0.625,5,1,34,28.7
1997,34.01916496,CHI,1,POR,1,27,30,0.481,0.429,4,3,37,25.2
1997,34.02737851,CHI,0,CLE,0,-3,43,0.28,0.0,8,4,23,11.1
1997,34.03011636,CHI,1,SAC,1,18,35,0.65,0.714,9,6,35,32.0
1997,34.03832991,CHI,1,MIL,1,18,36,0.579,0.429,3,6,31,26.4
1997,34.04380561,CHI,1,SAS,1,42,23,0.412,0.25,2,4,16,11.9
1997,34.04928131,CHI,1,IND,1,8,44,0.524,0.333,4,5,38,29.5
1997,34.05475702,CHI,0,NYK,0,-4,46,0.452,0.0,6,4,36,24.1
1997,34.06023272,CHI,0,BOS,1,11,43,0.565,0.333,4,9,32,28.4
1997,34.06297057,CHI,0,PHI,1,4,37,0.375,0.25,5,3,23,10.9
1997,34.06844627,CHI,0,NJN,0,-1,39,0.471,0.333,8,5,36,23.8
1997,34.07118412,CHI,1,ATL,1,20,29,0.455,0.0,4,3,10,7.0
1997,34.07939767,CHI,1,SEA,1,2,50,0.357,0.0,18,2,32,16.8
1997,34.08761123,CHI,0,IND,1,19,40,0.44,0.333,6,4,36,29.4
1997,34.09034908,CHI,1,DET,1,15,35,0.4,0.5,5,7,23,20.9
1997,34.09856263,CHI,1,DAL,1,2,36,0.45,0.0,1,3,20,11.8
1997,34.10403833,CHI,0,TOR,1,13,41,0.294,,10,4,12,3.3
1997,34.10951403,CHI,1,NJN,1,10,39,0.429,0.5,6,10,21,19.3
1997,34.11772758,CHI,1,BOS,1,5,27,0.727,,8,2,21,18.3
1997,34.12320329,CHI,0,WSB,0,-8,39,0.467,0.25,1,6,34,22.6
1997,34.12594114,CHI,1,CLE,1,13,38,0.563,0.0,5,3,22,19.6
1997,34.13141684,CHI,0,ORL,1,16,40,0.591,0.5,8,5,37,31.6
1997,34.13415469,CHI,1,PHI,1,26,30,0.52,0.75,8,2,30,24.3
1997,34.13963039,CHI,0,IND,1,6,41,0.421,0.0,3,2,23,13.0
1997,34.14236824,CHI,0,NYK,1,2,44,0.462,0.333,8,6,34,24.7
1997,34.15058179,CHI,0,DET,0,-17,38,0.438,0.0,9,7,18,13.2
1997,34.15331964,CHI,1,TOR,1,17,35,0.5,0.571,11,10,30,30.0
1997,34.15879535,CHI,0,MIA,0,-10,39,0.407,0.4,8,3,26,11.3
1997,34.1670089,CHI,1,NYK,0,-2,39,0.636,1.0,3,3,33,21.0
1998,34.7008898,CHI,0,BOS,0,-7,42,0.304,,6,4,30,18.6
1998,34.70362765,CHI,1,PHI,1,20,24,0.5,,7,2,16,10.7
1998,34.70910335,CHI,1,SAS,1,4,48,0.308,0.25,13,4,29,17.4
1998,34.71457906,CHI,1,ORL,1,13,41,0.44,0.0,17,4,29,23.8
1998,34.72005476,CHI,0,ATL,0,-2,40,0.44,0.0,9,6,27,19.0
1998,34.72279261,CHI,1,NJN,1,13,33,0.385,0.0,5,2,15,8.8
1998,34.73100616,CHI,0,CLE,0,-21,34,0.412,0.0,6,1,19,10.0
1998,34.73374401,CHI,1,WAS,0,-7,40,0.357,0.0,7,3,28,15.8
1998,34.73921971,CHI,1,CHH,1,13,38,0.5,1.0,4,7,28,22.2
1998,34.74195756,CHI,1,CLE,1,9,39,0.423,1.0,2,4,27,11.6
1998,34.75564682,CHI,0,PHO,0,-4,41,0.481,0.0,6,3,30,17.8
1998,34.75838467,CHI,0,LAC,1,9,52,0.474,0.0,5,5,49,29.5
1998,34.76386037,CHI,0,SAC,1,15,41,0.579,,3,5,33,28.8
1998,34.76933607,CHI,0,SEA,0,-1,38,0.44,0.0,6,5,26,19.8
1998,34.77754962,CHI,0,IND,0,-11,42,0.423,0.0,7,2,26,14.3
1998,34.78028747,CHI,0,WAS,1,5,37,0.476,1.0,4,3,29,18.8
1998,34.79123888,CHI,0,BOS,1,10,40,0.524,0.333,9,5,29,20.6
1998,34.79671458,CHI,1,MIL,1,22,35,0.25,0.0,9,2,13,7.1
1998,34.80766598,CHI,1,NYK,1,18,37,0.435,,4,4,29,16.7
1998,34.81040383,CHI,0,ORL,0,-8,37,0.353,0.0,2,5,25,16.8
1998,34.81587953,CHI,0,CHH,0,-2,41,0.5,,9,5,28,17.8
1998,34.81861739,CHI,1,TOR,1,27,27,0.25,,6,2,11,7.4
1998,34.82409309,CHI,1,PHO,1,7,36,0.435,0.0,9,4,31,27.1
1998,34.82956879,CHI,1,LAL,1,21,35,0.545,0.5,5,4,36,26.2
1998,34.83778234,CHI,0,NJN,1,8,42,0.435,,5,3,24,14.9
1998,34.84599589,CHI,1,LAC,1,5,40,0.375,0.0,12,4,27,20.5
1998,34.85147159,CHI,1,MIA,1,10,38,0.4,0.0,11,4,24,18.3
1998,34.8569473,CHI,1,ATL,1,7,36,0.692,,4,2,47,37.5
1998,34.862423,CHI,1,DAL,1,6,41,0.552,0.0,7,0,41,27.8
1998,34.86516085,CHI,0,MIN,0,-4,39,0.393,0.333,4,1,33,15.1
1998,34.8733744,CHI,1,MIL,1,14,43,0.682,1.0,5,1,44,38.0
1998,34.87611225,CHI,0,DET,1,9,47,0.48,0.0,9,9,34,27.5
1998,34.8843258,CHI,1,BOS,1,11,41,0.385,0.0,3,4,19,14.8
1998,34.88706366,CHI,0,MIA,0,-27,37,0.444,0.5,4,1,26,13.8
1998,34.89253936,CHI,0,NYK,1,1,41,0.515,0.25,4,2,44,31.8
1998,34.89527721,CHI,1,GSW,1,5,38,0.419,0.0,6,3,32,18.4
1998,34.90349076,CHI,1,SEA,1,10,38,0.444,0.0,1,2,40,24.2
1998,34.90896646,CHI,0,PHI,0,-10,38,0.391,0.0,9,4,20,10.6
1998,34.91170431,CHI,0,MIL,1,10,40,0.5,1.0,8,2,27,17.9
1998,34.91718001,CHI,1,HOU,1,6,41,0.552,1.0,3,3,45,32.6
1998,34.92539357,CHI,1,CHH,1,31,31,0.609,0.333,5,6,33,30.5
1998,34.93086927,CHI,0,NJN,1,2,44,0.435,0.0,5,1,32,18.6
1998,34.93634497,CHI,1,UTA,0,-7,44,0.5,0.0,5,7,32,23.6
1998,34.94182067,CHI,0,VAN,1,18,32,0.467,,0,3,20,15.1
1998,34.94729637,CHI,0,POR,1,13,39,0.458,0.0,5,4,29,21.9
1998,34.95003422,CHI,0,GSW,1,7,41,0.118,,8,3,14,9.9
1998,34.95550992,CHI,0,LAL,0,-25,37,0.423,0.0,5,2,31,18.9
1998,34.95824778,CHI,0,DEN,1,39,33,0.5,,6,3,15,13.5
1998,34.96372348,CHI,0,UTA,0,-8,43,0.459,0.2,7,3,40,26.4
1998,34.98015058,CHI,1,TOR,1,7,34,0.381,0.0,5,1,18,7.9
1998,34.98288843,CHI,0,CHH,1,2,41,0.5,,4,6,29,21.2
1998,34.98836413,CHI,1,ATL,1,2,36,0.636,0.0,7,1,37,29.0
1998,34.99383984,CHI,1,DET,1,9,41,0.412,0.0,12,5,21,17.8
1998,35.0,CHI,1,IND,1,8,39,0.565,0.0,4,6,27,19.6
1998,35.0054757,CHI,0,TOR,1,37,28,0.556,0.5,4,5,16,14.2
1998,35.0109514,CHI,0,WAS,1,6,42,0.348,,8,3,19,11.2
1998,35.0164271,CHI,1,CLE,1,22,29,0.5,0.0,7,6,17,14.2
1998,35.02190281,CHI,1,POR,0,-5,42,0.346,0.0,4,3,33,22.2
1998,35.03011636,CHI,1,SAC,1,15,39,0.588,0.0,2,2,28,19.7
1998,35.03832991,CHI,1,DEN,1,28,40,0.632,,7,2,30,24.6
1998,35.05201916,CHI,0,NYK,1,13,43,0.515,0.5,8,6,42,34.0
1998,35.05749487,CHI,1,MIA,1,15,39,0.567,0.5,4,4,37,26.7
1998,35.06297057,CHI,0,DAL,0,-7,47,0.417,0.333,7,3,26,15.7
1998,35.06844627,CHI,0,SAS,1,10,42,0.545,,5,3,30,22.3
1998,35.07392197,CHI,1,NJN,1,16,33,0.4,0.0,7,1,17,7.9
1998,35.07665982,CHI,0,IND,1,6,42,0.5,0.333,4,2,35,21.4
1998,35.08487337,CHI,1,VAN,1,6,39,0.615,0.5,4,3,24,17.5
1998,35.09034908,CHI,0,TOR,1,2,41,0.464,0.0,4,3,33,25.8
1998,35.09308693,CHI,1,BOS,1,23,36,0.5,0.0,7,2,24,17.2
1998,35.09856263,CHI,0,ORL,1,15,38,0.381,0.333,7,8,17,17.8
1998,35.10403833,CHI,0,ATL,1,15,43,0.5,,5,4,34,21.6
1998,35.10951403,CHI,0,MIL,1,17,35,0.542,0.0,2,0,30,19.8
1998,35.11498973,CHI,1,DET,1,5,47,0.423,0.0,3,8,26,18.5
1998,35.12320329,CHI,1,MIN,1,14,38,0.64,0.333,6,4,41,35.9
1998,35.12867899,CHI,0,HOU,1,15,37,0.581,,4,3,40,29.4
1998,35.13415469,CHI,1,WAS,1,18,33,0.524,0.5,4,3,30,22.7
1998,35.13963039,CHI,0,CLE,0,-6,37,0.417,0.0,6,4,29,14.4
1998,35.14510609,CHI,1,ORL,1,9,35,0.6,0.6,4,2,37,29.3
1998,35.15058179,CHI,1,IND,0,-9,41,0.368,1.0,4,3,27,18.0
1998,35.15605749,CHI,0,DET,0,-8,43,0.28,0.0,6,4,19,5.9
1998,35.1615332,CHI,0,PHI,1,7,39,0.474,0.0,6,2,24,16.1
1998,35.16427105,CHI,1,NYK,1,2,40,0.458,,3,3,44,33.4
2002,38.69815195,WAS,0,NYK,0,-2,37,0.333,0.0,5,6,19,13.4
2002,38.70362765,WAS,0,ATL,1,10,40,0.433,0.0,6,6,31,21.0
2002,38.70910335,WAS,1,PHI,1,14,38,0.333,,6,9,20,16.1
2002,38.7118412,WAS,0,DET,0,-22,22,0.444,,8,2,19,13.0
2002,38.72005476,WAS,0,BOS,0,-9,41,0.462,0.0,8,2,32,18.6
2002,38.72553046,WAS,1,GSW,0,-9,38,0.433,0.0,3,3,32,17.2
2002,38.73100616,WAS,1,SEA,0,-15,39,0.192,0.0,12,4,16,7.2
2002,38.73921971,WAS,1,MIL,0,-9,41,0.5,0.0,4,3,31,20.8
2002,38.74469541,WAS,1,UTA,0,-9,41,0.515,0.5,7,3,44,33.3
2002,38.75564682,WAS,1,CHH,0,-7,41,0.565,0.5,4,6,30,19.5
2002,38.76112252,WAS,0,IND,0,-7,40,0.308,0.0,5,6,21,11.0
2002,38.76659822,WAS,1,BOS,1,4,45,0.292,0.0,11,6,17,8.7
2002,38.77481177,WAS,0,CLE,0,-19,31,0.375,,4,5,18,10.1
2002,38.77754962,WAS,0,PHI,1,7,38,0.407,0.0,6,7,30,25.3
2002,38.78302533,WAS,0,MIA,1,9,38,0.5,0.0,7,5,22,14.8
2002,38.78576318,WAS,1,ORL,0,-9,33,0.316,,7,7,15,8.9
2002,38.79945243,WAS,0,HOU,1,3,33,0.391,,6,7,18,7.4
2002,38.80492813,WAS,0,DAL,1,7,35,0.333,0.0,12,4,21,17.3
2002,38.81314168,WAS,0,MEM,1,10,31,0.421,0.0,6,9,16,13.2
2002,38.81587953,WAS,1,MIA,1,2,34,0.391,0.0,6,7,25,18.3
2002,38.82135524,WAS,1,NYK,1,16,34,0.421,0.0,6,6,19,10.7
2002,38.82683094,WAS,0,TOR,1,5,36,0.381,,4,3,21,11.0
2002,38.83504449,WAS,1,ATL,1,27,27,0.579,0.0,4,6,23,18.8
2002,38.84052019,WAS,0,ORL,1,18,34,0.188,,6,8,12,8.2
2002,38.84325804,WAS,0,NYK,1,1,36,0.5,,1,3,26,12.4
2002,38.85420945,WAS,0,CHH,0,-6,35,0.393,0.5,4,7,28,15.3
2002,38.8569473,WAS,0,IND,0,-27,25,0.2,0.5,4,4,6,-0.2
2002,38.862423,WAS,1,CHH,1,17,38,0.553,0.0,7,4,51,35.9
2002,38.8678987,WAS,1,NJN,1,22,39,0.5,0.333,10,7,45,35.7
2002,38.8788501,WAS,1,CHI,1,6,38,0.375,0.0,7,3,29,16.0
2002,38.88980151,WAS,1,LAC,1,8,42,0.375,,10,8,18,10.4
2002,38.89801506,WAS,0,MIL,0,-19,33,0.417,,3,3,22,5.6
2002,38.90075291,WAS,1,MIN,0,-8,40,0.467,,6,4,35,20.1
2002,38.90896646,WAS,1,SAS,0,-5,40,0.238,,1,4,20,4.7
2002,38.91170431,WAS,0,NJN,0,-44,18,0.286,,2,1,10,3.4
2002,38.91991786,WAS,0,CHI,1,8,41,0.333,0.0,12,4,16,1.7
2002,38.92539357,WAS,0,MIN,0,-4,39,0.353,0.25,14,3,29,16.1
2002,38.92813142,WAS,1,PHI,0,-7,42,0.519,0.5,8,6,30,20.2
2002,38.93360712,WAS,1,CLE,1,9,40,0.621,,8,2,40,31.1
2002,38.93908282,WAS,1,PHO,1,10,40,0.567,,4,7,41,32.1
2002,38.94729637,WAS,1,DET,0,-3,42,0.433,,5,7,32,20.8
2002,38.95277207,WAS,0,CLE,1,1,40,0.407,0.0,5,8,26,16.0
2002,38.95550992,WAS,1,ATL,1,7,38,0.417,0.0,4,8,28,22.8
2002,38.96098563,WAS,1,IND,1,20,41,0.579,1.0,5,6,23,19.4
2002,38.96646133,WAS,1,TOR,1,5,40,0.476,0.0,7,5,23,14.7
2002,38.97193703,WAS,1,SAC,1,7,41,0.4,0.0,6,9,25,16.9
2002,38.98562628,WAS,0,LAL,0,-9,41,0.4,,5,6,22,14.4
2002,38.99110198,WAS,0,SAC,0,-16,33,0.333,,1,4,16,6.1
2002,38.99383984,WAS,0,PHO,1,1,37,0.368,,6,4,22,13.3
2002,39.00273785,WAS,1,HOU,0,-13,36,0.417,0.0,6,11,11,11.3
2002,39.0109514,WAS,1,NJN,0,-11,37,0.412,0.0,5,6,16,10.8
2002,39.0164271,WAS,1,MIA,0,-2,37,0.52,1.0,5,7,37,25.5
2002,39.01916496,WAS,0,MIA,0,-12,30,0.308,0.5,5,6,9,3.0
2002,39.08487337,WAS,0,DEN,1,32,16,0.222,,1,2,7,3.2
2002,39.08761123,WAS,0,UTA,0,-15,22,0.333,,4,4,11,7.8
2002,39.09582478,WAS,0,TOR,0,-1,22,0.353,,3,2,14,4.2
2002,39.10130048,WAS,1,DEN,1,16,20,0.444,0.0,3,6,9,7.2
2002,39.10951403,WAS,1,MIL,1,9,26,0.545,,3,1,34,23.8
2002,39.11498973,WAS,1,DAL,0,-7,28,0.286,,3,5,10,5.9
2002,39.12046543,WAS,1,LAL,0,-20,12,0.2,,3,3,2,1.5
2003,39.69815195,WAS,0,TOR,0,-6,25,0.286,,3,1,8,0.4
2003,39.7008898,WAS,1,BOS,1,45,21,0.533,,4,5,21,20.7
2003,39.7063655,WAS,1,NJN,0,-8,27,0.438,0.5,2,2,21,15.0
2003,39.71457906,WAS,0,MIN,0,-4,29,0.357,,2,1,10,2.7
2003,39.71731691,WAS,1,CLE,1,7,24,0.333,0.0,3,4,6,7.1
2003,39.72279261,WAS,1,LAL,1,1,30,0.643,,3,3,25,18.2
2003,39.72553046,WAS,0,CLE,1,14,31,0.455,0.0,8,6,12,13.9
2003,39.73374401,WAS,1,SEA,0,-6,31,0.591,,6,4,27,18.7
2003,39.73921971,WAS,1,UTA,1,3,34,0.412,0.0,6,1,19,8.8
2003,39.74469541,WAS,1,MIA,1,30,19,0.8,,5,2,8,8.8
2003,39.74743326,WAS,0,PHI,0,-16,28,0.563,0.5,2,3,19,9.7
2003,39.76112252,WAS,0,HOU,0,-7,30,0.267,,2,1,8,-1.4
2003,39.76386037,WAS,0,MEM,0,-11,32,0.5,,6,5,20,15.7
2003,39.77207392,WAS,1,IND,0,-4,34,0.476,1.0,1,2,28,19.0
2003,39.78028747,WAS,0,IND,0,-16,30,0.4,0.0,4,1,14,7.0
2003,39.78302533,WAS,1,PHI,0,-1,37,0.4,0.0,4,2,16,5.7
2003,39.79123888,WAS,1,MIL,1,25,30,0.45,,7,4,25,17.7
2003,39.79397673,WAS,0,DET,1,5,39,0.357,,9,4,21,21.1
2003,39.79945243,WAS,0,ORL,0,-10,39,0.333,,6,0,16,2.1
2003,39.80219028,WAS,1,NYK,1,3,37,0.5,0.0,9,2,20,14.1
2003,39.81040383,WAS,1,POR,0,-19,29,0.6,,5,1,14,13.1
2003,39.81861739,WAS,0,NJN,0,-14,40,0.25,,5,4,12,1.5
2003,39.82409309,WAS,0,TOR,1,13,40,0.111,,8,9,2,7.5
2003,39.82956879,WAS,0,ATL,1,10,38,0.667,,3,2,30,22.3
2003,39.83230664,WAS,1,MEM,1,18,35,0.609,0.667,5,2,33,25.4
2003,39.84052019,WAS,0,SAS,0,-11,41,0.4,,5,3,16,7.1
2003,39.84599589,WAS,0,DAL,0,-6,36,0.333,1.0,7,8,13,9.4
2003,39.85420945,WAS,1,DET,0,-5,41,0.412,0.0,4,1,17,5.6
2003,39.85968515,WAS,1,ATL,1,8,35,0.4,0.0,4,5,10,10.6
2003,39.86516085,WAS,0,ORL,0,-17,39,0.471,,8,9,21,18.4
2003,39.8678987,WAS,1,SAS,1,2,35,0.467,1.0,7,3,17,12.5
2003,39.8733744,WAS,0,CHI,1,25,30,0.364,0.0,5,5,10,7.9
2003,39.8788501,WAS,1,IND,1,3,53,0.538,0.75,12,4,41,35.4
2003,39.8843258,WAS,0,BOS,1,5,40,0.389,0.0,11,7,19,16.6
2003,39.88980151,WAS,1,CHI,1,3,33,0.385,,10,7,14,11.8
2003,39.89527721,WAS,1,GSW,0,-5,41,0.412,,2,5,14,9.3
2003,39.89801506,WAS,0,NYK,1,5,41,0.32,,10,3,23,13.2
2003,39.90622861,WAS,1,TOR,0,-9,41,0.348,,5,4,22,16.2
2003,39.91170431,WAS,1,ORL,1,15,39,0.48,0.0,6,8,32,26.1
2003,39.91718001,WAS,1,PHI,0,-8,42,0.4,0.0,8,7,25,21.3
2003,39.92265572,WAS,1,DEN,1,15,42,0.5,0.0,5,6,25,17.2
2003,39.92813142,WAS,0,NOH,0,-9,38,0.429,,4,3,18,10.8
2003,39.93360712,WAS,0,CHI,0,-7,39,0.286,,5,3,11,6.7
2003,39.93634497,WAS,1,MIN,0,-8,41,0.444,0.0,8,5,17,11.8
2003,39.94182067,WAS,1,PHO,1,5,38,0.643,,7,1,19,11.8
2003,39.94729637,WAS,0,NJN,0,-8,37,0.25,,5,5,8,-0.4
2003,39.95003422,WAS,0,MIL,0,-7,39,0.458,0.0,4,4,24,14.6
2003,39.95550992,WAS,1,NOH,1,5,44,0.545,,3,6,45,31.9
2003,39.96372348,WAS,1,CLE,1,9,43,0.5,,4,8,27,22.3
2003,39.98288843,WAS,0,SAC,0,-19,31,0.263,,7,2,12,4.0
2003,39.98562628,WAS,0,LAC,1,4,39,0.333,,6,12,23,17.9
2003,39.99110198,WAS,0,UTA,0,-32,29,0.25,,2,3,11,4.9
2003,40.0054757,WAS,0,NOH,0,-12,39,0.348,,6,2,20,9.1
2003,40.0109514,WAS,1,NJN,1,3,43,0.6,,10,3,43,36.8
2003,40.0164271,WAS,1,DAL,0,-5,52,0.538,,9,3,30,18.5
2003,40.02190281,WAS,0,IND,1,5,41,0.44,,6,3,25,14.6
2003,40.02737851,WAS,1,HOU,1,2,50,0.577,,11,6,35,25.3
2003,40.03285421,WAS,1,CHI,1,8,43,0.389,0.0,8,8,17,12.0
2003,40.03559206,WAS,0,MIA,0,-10,39,0.333,0.0,8,2,21,12.2
2003,40.04106776,WAS,1,TOR,0,-3,15,0.4,,3,2,4,0.6
2003,40.04380561,WAS,1,LAC,1,19,24,0.286,,9,0,10,3.9
2003,40.04928131,WAS,1,MIL,0,-3,43,0.458,0.0,9,3,27,19.2
2003,40.05475702,WAS,0,NYK,0,-1,43,0.591,,8,1,39,28.3
2003,40.06023272,WAS,1,ORL,1,1,40,0.556,,4,2,23,8.4
2003,40.06844627,WAS,0,DET,0,-10,40,0.333,,5,4,15,11.0
2003,40.07118412,WAS,1,MIA,1,7,39,0.5,0.0,8,1,19,13.1
2003,40.07939767,WAS,1,DET,0,-4,50,0.4,0.0,11,3,23,12.1
2003,40.08761123,WAS,0,PHO,0,-26,36,0.333,0.0,5,2,14,10.6
2003,40.09308693,WAS,0,GSW,0,-6,42,0.478,1.0,5,4,24,14.8
2003,40.09856263,WAS,0,POR,1,4,41,0.579,,5,7,25,21.5
2003,40.10130048,WAS,0,SEA,1,6,44,0.545,,10,4,26,18.7
2003,40.10677618,WAS,0,LAL,0,-14,41,0.5,,0,4,23,15.0
2003,40.11225188,WAS,0,DEN,0,-16,37,0.391,0.0,5,2,19,5.0
2003,40.12046543,WAS,1,SAC,0,-6,42,0.471,,1,4,17,9.2
2003,40.12320329,WAS,0,ATL,0,-2,43,0.435,0.0,14,7,22,20.6
2003,40.13141684,WAS,0,BOS,1,1,47,0.455,1.0,13,7,25,22.0
2003,40.13689254,WAS,0,CLE,1,9,46,0.526,1.0,10,3,26,25.7
2003,40.13963039,WAS,1,BOS,0,-4,43,0.471,0.5,10,1,21,16.2
2003,40.14510609,WAS,0,MIA,1,4,40,0.423,0.0,2,4,25,15.2
2003,40.14784394,WAS,1,ATL,0,-1,30,0.5,,8,6,17,14.5
2003,40.15331964,WAS,1,NYK,0,-14,37,0.409,0.0,8,1,21,11.3
2003,40.15879535,WAS,0,PHI,0,-20,28,0.4,,4,4,15,8.5
