CAMPO,PRODUCCIÓN,AÑO,TEMPERATURA,HUMEDAD,ACEITUNA
C1,83.86649745584076,22,20.794018408426915,65.08759623775069,Picual
C1,86.77813492518862,22,22.235541704480013,64.35301769657006,Picual
C1,86.05062013824607,22,22.72018843792845,58.319208404461826,Picual
C1,83.17405268264079,22,21.725686497344512,66.54581792976724,Picual
C1,86.3122681088887,22,20.861488257409928,60.830232910128984,Picual
C1,86.18772205711342,22,20.804044152282767,61.527415267831515,Picual
C1,95.05170954897996,22,21.914436112223438,67.17737412010928,Picual
C1,91.84782833599454,22,22.37222309474583,64.50613937433131,Picual
C1,93.9291515220953,22,23.366866804964666,63.50867725082873,Picual
C1,80.83745550433487,22,20.014498429354646,67.82519811039482,Picual
C1,87.90527050948651,22,21.272926275497348,63.51319478308792,Picual
C1,87.92542816808216,22,20.78570250905209,63.08737947795255,Picual
C1,84.06893886729131,22,21.607377299937315,65.56250719171219,Picual
C1,91.16292890778912,22,22.222849125217294,64.51586409736252,Picual
C1,83.00264524260433,22,21.256175471315046,68.73913478479464,Picual
C1,85.29361289165405,22,20.642512346309417,66.16582421730666,Picual
C1,83.94317684962613,22,21.50111410046409,61.10444347097108,Picual
C1,88.7965911388502,22,22.589917575730098,62.04483354877297,Picual
C1,87.84199768064765,22,22.25312951845001,65.7023191091841,Picual
C1,85.9988830293582,22,20.633326530046695,67.88962526787219,Picual
C1,91.13273942894014,22,23.790977473715863,63.20872214068107,Picual
C1,92.0604004102576,22,23.978638803806952,59.982300511455584,Picual
C1,91.77766331934436,22,23.581769034905307,63.117335021736096,Picual
C1,86.10203626907825,22,21.973804611683295,58.034607883731354,Picual
C1,83.68800148795006,22,20.56575570799138,62.23899471285174,Picual
C1,84.98703463529775,22,21.193114121909517,65.93227367785181,Picual
C1,92.17982329320732,22,23.835574435137758,59.79084944635805,Picual
C1,85.71753965188525,22,20.567584911704515,67.53051349580194,Picual
C1,87.05455203075425,22,23.15592269425134,57.349402739035796,Picual
C1,90.24452709808124,22,21.677765963689346,67.82617762549481,Picual
C1,84.22114201928098,22,19.61814228533429,64.91470712785089,Picual
C1,88.11064503756798,22,20.545320314725604,63.582481733285874,Picual
C1,83.95579095722289,22,22.027870227303698,58.72292971078943,Picual
C1,71.13706401875822,22,18.64087315707614,64.29029705139884,Picual
C1,85.2425248683019,22,22.609457539478253,64.59401491370704,Picual
C1,91.1403447863742,22,21.756352405458195,60.07501897993162,Picual
C1,93.22357673663748,22,23.19614415106889,66.04105212055268,Picual
C1,42.99473697388524,22,13.013360611339401,69.08858333454054,Hojiblanca
C1,83.99076481457503,22,20.30276344270878,62.24171602196351,Picual
C1,84.09506933623526,22,20.673448762820826,63.947238941914904,Picual
C1,86.21257878139062,22,21.817768750865405,62.46168294580742,Picual
C1,88.6983548158239,22,20.944174679411983,59.88230273518897,Picual
C1,96.75733317642104,22,24.049688994149456,60.451870395024606,Hojiblanca
C1,90.93463439710916,22,21.982847858150656,59.00479260543268,Picual
C1,89.8671770234588,22,21.100244244821493,66.42243947392008,Picual
C1,87.31343495695513,22,22.971263713811133,66.91915351215957,Picual
C1,87.16599916656064,22,21.558673490498613,63.044783829583274,Picual
C1,89.22581982533467,22,21.81398695307424,66.17972285895274,Picual
C1,92.84226171543789,22,23.861150757700685,61.38152245785557,Picual
C1,85.70488201506686,22,20.861107535349127,68.81857514888483,Picual
C1,92.00438866255924,22,23.962225770946553,65.74983007236798,Picual
C1,88.79271539627331,22,22.245555351239513,61.37663551659129,Hojiblanca
C1,83.9866391436342,22,20.027143283093533,68.0000994334484,Picual
C1,97.8453758187964,22,22.68044441406342,58.04931518812613,Hojiblanca
C1,89.94600511628909,22,21.41767304148634,64.62583783574398,Picual
C1,88.21980788727977,22,23.252608436937845,61.35115310950043,Picual
C1,86.23776464694198,22,20.542114549251068,64.8850817445297,Picual
C1,85.80651631441532,22,21.98850641786168,63.38533714481253,Picual
C1,90.05607286827646,22,22.88459989054076,60.708281790363785,Picual
C1,84.8098182292986,22,21.634317354368267,64.94652379219036,Picual
C1,90.31171275879076,22,23.326874911450144,62.59766298636646,Picual
C1,88.7177817121394,22,22.561000235743148,58.156098298119375,Picual
C1,87.07547221809467,22,23.040662593635513,58.90823560469681,Picual
C1,75.68936707390637,22,20.088216571383317,67.10801514911148,Picual
C1,83.09781480300182,22,20.688486678938585,63.75608773862248,Picual
C1,93.22395316061169,22,22.32230079508804,57.818185885751774,Picual
C1,90.23075852184898,22,20.855876327595396,59.64728534310896,Picual
C1,90.05219135019433,22,22.01895391905984,64.28997611986725,Picual
C1,93.10318750300053,22,22.963478841914256,61.290655186785855,Picual
C1,84.03664001210588,22,22.077920988045552,65.41293489635424,Picual
C1,89.14928667968158,22,21.73662045814775,67.8738323743085,Picual
C1,88.13785753711194,22,21.95904352484847,64.83869127582521,Picual
C1,85.86356823219053,22,21.274751437537986,66.12444066419525,Hojiblanca
C1,61.023955327896594,22,15.87572353727114,66.00745353806558,Picual
C1,88.00266476675766,22,22.372132818857764,63.36652040429064,Picual
C1,92.90628638733594,22,21.499752743262246,58.9548221255003,Picual
C1,85.99925264255114,22,20.776682771436345,65.10145565002817,Picual
C1,84.20693164897422,22,21.918925960150098,63.339925434173516,Picual
C1,85.20630303528345,22,22.71648088840598,61.22811595793746,Picual
C1,89.69449085601879,22,21.37992369035915,68.55042517983753,Picual
C1,85.88472035164595,22,21.195773800937108,61.54700972042046,Picual
C1,86.2727415475681,22,21.093185137793455,65.83832891912387,Picual
C1,85.10081774152565,22,22.380733744812876,59.77190417515507,Picual
C1,86.77161661398574,22,20.47282258552794,61.96795304809628,Picual
C1,82.09170175194616,22,21.326295718671368,60.0025174954637,Picual
C1,91.1271853667021,22,23.578751250814275,64.6907865953883,Hojiblanca
C1,91.2163091199558,22,23.097132027166676,65.53512296858095,Picual
C1,87.27660544263387,22,21.56781631864101,60.51614976182982,Picual
C1,85.04855187529684,22,22.208610994119894,62.94886353180898,Picual
C1,88.01054664250815,22,21.941963008273,62.729220784404895,Picual
C1,87.84848250753792,22,23.20244600477191,61.520803956957195,Picual
C1,83.11013336542484,22,20.81609076583225,69.13817468610958,Picual
C1,89.12071830661414,22,22.908365650679873,58.96854942780034,Picual
C1,88.86751411731282,22,23.217521814009046,60.36154009214462,Picual
C1,86.1865114800966,22,21.03228696908081,61.34594029033035,Picual
C1,84.70033708180334,22,21.326000102871525,59.29814028026741,Picual
C1,90.16527106248186,22,22.902964542219564,59.518711525645,Picual
C1,85.75133534810749,22,22.170255863958683,58.64249775334879,Picual
C1,90.79560435911154,22,22.60441382187552,62.33929083415215,Picual
C1,87.76532417396274,22,22.347388516324557,61.93451478619056,Picual
C1,91.2638998551218,22,23.051542491952198,62.244311427399545,Picual
C1,89.03049785897757,22,22.831109556318502,57.86421874284162,Picual
C1,83.94122264808149,22,20.51125556328828,63.14419995446878,Hojiblanca
C1,85.97707504135623,22,21.160604127745046,66.91080153147234,Picual
C1,93.20031981771956,22,23.722629110605624,62.36851662160247,Picual
C1,90.29876378274972,22,23.710402354559644,59.98417367349441,Picual
C1,95.86841976580531,22,22.552724974377284,61.80351266013463,Picual
C1,88.87274342478722,22,22.48759804570936,63.9016794464447,Picual
C1,86.11554603864481,22,22.479219102390232,60.86763418170747,Picual
C1,90.8069255102612,22,22.347436155173327,65.70424276050865,Picual
C1,94.10959221495575,22,23.301040704419005,64.58432106680564,Hojiblanca
C2,73.85322151286418,22,17.467143418221653,70.78268388307454,Hojiblanca
C2,76.1315405993368,22,15.461494180225277,68.14556511890657,Manzanilla
C2,73.01618238671857,22,20.03334193606865,67.21402374922252,Hojiblanca
C2,71.8600569312599,22,9.154313534812085,77.21047909141905,Hojiblanca
C2,72.93960631250128,22,8.85326603782889,74.22023673987019,Manzanilla
C2,73.13532708201399,22,13.252530806345591,68.60645285853018,Picual
C2,74.97250036651026,22,18.418788260337053,67.58726678595394,Hojiblanca
C2,71.87193989080025,22,17.251920097488256,63.54537798528172,Hojiblanca
C2,74.12283460408014,22,6.903103470945348,79.9919818039213,Hojiblanca
C2,74.99212735959324,22,18.400411355279296,64.9445970150164,Hojiblanca
C2,73.03229367250668,22,15.407341399237936,67.1452991892946,Hojiblanca
C2,71.85032091928304,22,18.629664148886096,66.85970329529508,Hojiblanca
C2,74.89791281102013,22,17.082231098300127,72.67365776393146,Hojiblanca
C2,68.96733331086794,22,14.20485137736952,71.39628321861245,Hojiblanca
C2,73.96425976611849,22,5.993622075478794,82.6708219148273,Hojiblanca
C2,78.04148752002432,22,10.711702781414205,75.68901630176802,Hojiblanca
C2,70.9766801144333,22,8.30953831375897,79.51083423729443,Hojiblanca
C2,73.86209713752854,22,17.764460779335785,71.36182368899634,Hojiblanca
C2,79.99803827864669,22,11.453215729173989,73.74041291168766,Picual
C2,69.02039545660301,22,10.992101822507134,72.45790562329219,Hojiblanca
C2,75.02774781391668,22,15.244874674833834,74.18655099371551,Hojiblanca
C2,74.99735779310274,22,19.508710207709527,62.12719939413961,Hojiblanca
C2,76.0400382602887,22,11.663573596057724,74.83214370632936,Hojiblanca
C2,69.90798227185911,22,13.70853174342245,69.455354981322,Hojiblanca
C2,87.09465915559208,22,4.0426468301381675,84.91113150754359,Hojiblanca
C2,74.96484683128372,22,6.679200182202305,75.5742195127677,Hojiblanca
C2,73.95965471927718,22,18.058909295185025,71.79522398251677,Hojiblanca
C2,79.91812646398171,22,12.189428600681353,71.50142157521219,Manzanilla
C2,72.9225747866023,22,14.222116079716148,73.75506516784455,Hojiblanca
C2,72.0769087558409,22,11.663790023078517,73.57652007264439,Hojiblanca
C2,75.012967518987,22,8.114087356052314,74.19540343590585,Manzanilla
C2,76.00224443146026,22,9.513207800185647,74.49619291161218,Hojiblanca
C2,77.09078305682463,22,13.12815284840562,68.78563157238966,Hojiblanca
C2,72.8868476904535,22,18.946840149000703,64.46412880210796,Hojiblanca
C2,75.90445208476821,22,15.084141302173334,68.53252739993297,Hojiblanca
C2,73.10823016789867,22,16.748662440986124,68.02887086222918,Picual
C2,75.88613313683838,22,14.67470833560022,73.18378592299463,Hojiblanca
C2,74.04906025338451,22,9.320215039145673,80.4829220010408,Hojiblanca
C2,77.92863968509343,22,15.278996296901633,70.19475091047532,Picual
C2,74.9353667739595,22,8.370959362339075,80.59455627459498,Picual
C2,75.10565755020966,22,17.664429182281673,65.38913920478296,Picual
C2,73.86357281759892,22,12.251834120501798,68.19977239149914,Hojiblanca
C2,75.12694036246583,22,12.867696669956118,67.75300030567311,Hojiblanca
C2,78.05031108676943,22,5.68145798193407,83.7951589854847,Hojiblanca
C2,74.98703210140737,22,7.90148241308207,74.35303800569031,Hojiblanca
C2,71.92841551551231,22,5.521801432489884,76.6505305363101,Hojiblanca
C2,75.02183023787099,22,9.836191351298092,73.08760204187966,Hojiblanca
C2,70.02921706796738,22,16.67534278277095,65.9114292057372,Hojiblanca
C2,73.94013418096256,22,18.22619030416149,61.944114458554736,Hojiblanca
C2,69.87928703334973,22,13.536066712470873,76.32740462973251,Hojiblanca
C2,82.02728717282672,22,18.39062880468678,62.00380019522612,Hojiblanca
C2,75.93872018076682,22,18.788149116929652,70.24362823793456,Manzanilla
C2,73.06051596989289,22,14.298810060940628,69.8739479668632,Manzanilla
C2,73.10403763789157,22,12.796257206971159,68.16657415541492,Hojiblanca
C2,72.86268024628325,22,9.668752039928524,74.39965820371849,Hojiblanca
C2,73.10929074198343,22,18.343901744626535,70.4698840178656,Hojiblanca
C2,72.85959511685635,22,11.64557261938958,71.42759094133623,Hojiblanca
C2,72.91349696105738,22,10.845004006993825,77.77445193236034,Hojiblanca
C3,81.84858863521131,22,19.09377841034577,65.41113342427158,Manzanilla
C3,86.85166971518562,22,22.103507592932637,66.5945288635877,Manzanilla
C3,82.13611943508482,22,21.62998223046675,65.68553393491464,Hojiblanca
C3,77.8631591758136,22,19.672148586601345,67.30496994945284,Picual
C3,89.96636702869294,22,22.717089323756863,63.80886143427254,Picual
C3,82.09573871117449,22,20.096359400974478,60.27958062482513,Hojiblanca
C3,83.13469926387026,22,20.48985023758336,68.79906263067465,Picual
C3,81.13131366476239,22,18.757466010880144,71.20039585331992,Manzanilla
C3,83.0526341680673,22,21.419702541782886,59.968644141718755,Hojiblanca
C3,86.06433366444845,22,21.007404158352067,61.11038653260109,Hojiblanca
C3,85.94114412009584,22,21.924549445826642,59.54778479868382,Picual
C3,80.83430852081129,22,20.659582604232394,62.40443889909709,Picual
C3,81.00302664770908,22,19.811434238015973,61.08155261107078,Picual
C3,79.07401606270946,22,20.13034904669216,62.356091346484405,Manzanilla
C3,78.98334163509894,22,19.01598399752482,66.6917818758277,Picual
C3,86.12433130288385,22,19.667015560758912,60.743474937216874,Picual
C3,79.06923578113411,22,20.318717477453635,69.11057529500206,Picual
C3,84.976337028801,22,20.0899720832324,66.57966279194979,Hojiblanca
C3,89.86840457150386,22,21.64587799793824,61.83114525033902,Picual
C3,79.00261621905841,22,18.496902253523047,68.63561706452711,Picual
C3,79.83737981585108,22,19.711002535405207,67.44781893579707,Manzanilla
C3,79.01879458092763,22,19.90378834573582,64.92903902866972,Manzanilla
C3,77.96429938621914,22,19.45014017387905,67.06709728550712,Manzanilla
C3,82.07878144997274,22,20.188413161447148,68.35535967115219,Manzanilla
C3,80.14339281990259,22,20.242156266451527,62.45112196213019,Picual
C3,78.04905261952997,22,18.11532512309428,63.85439938878898,Manzanilla
C3,90.89847325256596,22,22.086354181101967,67.78960109293774,Picual
C3,78.15181004806469,22,19.901643596038113,61.19544207638235,Manzanilla
C3,82.88092369629992,22,20.790326024651378,66.477971256895,Manzanilla
C3,89.02036818302373,22,20.217180689950364,59.89240859828294,Picual
C3,78.9576569192266,22,19.898931892368388,64.08118848611909,Manzanilla
C3,80.81007128183246,22,20.915084972300534,66.91649054186053,Manzanilla
C3,87.17968400134293,22,20.230285679369203,60.05243351900245,Manzanilla
C3,79.18638196567906,22,18.683046549818748,66.32543739816714,Manzanilla
C3,79.17426986469886,22,21.1656116190646,60.98302149807227,Hojiblanca
C3,78.04569134492263,22,18.677139548463664,64.5121342646103,Hojiblanca
C3,78.08921508068316,22,18.391499011106166,64.2108782003272,Manzanilla
C3,82.18601108890373,22,20.67483399935471,67.74956783535245,Manzanilla
C3,90.11584130520816,22,21.999387225420644,62.640489146199215,Hojiblanca
C3,80.06409699367757,22,21.08696228804292,68.45334767109867,Hojiblanca
C3,82.89238866104787,22,19.228053087222143,69.19376139422315,Hojiblanca
C3,76.99345908058142,22,18.002733853797107,62.27114688869895,Manzanilla
C3,79.05100586886442,22,20.37812875832045,62.04038087608047,Manzanilla
C3,78.00016888505982,22,19.15174575815702,63.23250809097631,Hojiblanca
C3,79.9758345665446,22,20.484094516984598,66.12651513475015,Picual
C3,88.83784471260671,22,21.06107627792874,62.082668195186606,Picual
C3,81.16364053235914,22,18.788380994686964,65.88271973006093,Manzanilla
C3,91.15898498731268,22,22.260373834913494,64.77553223373579,Picual
C3,80.90562303991301,22,20.427758579364014,68.08599195507546,Picual
C3,81.84918565701652,22,20.095132858010125,66.56314034766581,Picual
C3,78.87877801717254,22,19.05116872910091,66.99958501837976,Picual
C3,92.86231410492444,22,21.444037582925304,68.34461564056556,Hojiblanca
C3,81.06627913990862,22,20.461748273149666,66.41083630702138,Hojiblanca
C3,84.13371460990909,22,20.286658568458087,67.24415547352052,Hojiblanca
C3,81.10164912081945,22,20.02268551886688,64.66258264539987,Picual
C3,84.945982476486,22,20.55730164577149,59.57163506889401,Hojiblanca
C3,82.04226606089769,22,19.198927636518253,61.77464558633491,Hojiblanca
C3,79.16269189497571,22,18.827483721059615,65.62742849811391,Hojiblanca
C3,79.8454335444288,22,20.914557990193316,60.30614202313039,Picual
C3,78.14743693858357,22,20.684670275038012,61.76184957475478,Manzanilla
C3,81.9173450754742,22,19.695003371360254,64.40910849707412,Picual
C3,82.96224337185804,22,21.489278696948194,63.59908049955361,Hojiblanca
C3,79.13146591863877,22,18.910130913239154,67.29899792202725,Picual
C3,82.12505647751057,22,20.50756151056817,66.63601546891343,Hojiblanca
C3,77.17482569719732,22,19.678531242313937,61.12679897469798,Picual
C3,79.92342866877725,22,20.205006516045117,66.49317205412729,Picual
C3,82.88327880871498,22,21.467602334213304,60.83100504458809,Hojiblanca
C3,79.18825382794343,22,21.10652308509208,59.900573059613436,Manzanilla
C3,80.9836157229047,22,20.980766752256155,63.891917458020956,Picual
C3,76.952694737216,22,18.429351977867736,69.2214244416968,Hojiblanca
C3,76.87658507375217,22,20.12262481162969,61.311701163183244,Hojiblanca
C3,77.83055569527185,22,19.767295911293058,61.493485429922245,Hojiblanca
C3,79.96895278073912,22,19.564891701236686,69.63241617139447,Manzanilla
C4,89.77760228705682,22,1.6508434435927644,85.24399248851388,Manzanilla
C4,74.72855434191702,22,12.715801931270475,73.48953559329507,Manzanilla
C4,90.0097291742149,22,13.797376762633316,67.4729527087158,Manzanilla
C4,84.38730502508572,22,16.660401728323276,72.43820391062587,Manzanilla
C4,84.87714276666432,22,5.960087943304252,80.69299777704444,Manzanilla
C4,82.80985137912238,22,6.189521949948231,75.2387652522762,Manzanilla
C4,96.708196907144,22,13.513252103600617,71.54861433449331,Manzanilla
C4,74.78370665892483,22,10.76065964151658,74.00290110778774,Hojiblanca
C4,85.02820385374167,22,8.488777169483875,77.63813273981222,Manzanilla
C4,86.32536718356488,22,15.991955524030178,68.30377145825791,Manzanilla
C4,81.35749735283838,22,8.047153947035856,80.4107725389195,Manzanilla
C4,78.61149025318143,22,13.57798390492349,74.64602750572405,Manzanilla
C4,87.86855306921196,22,6.626292278867922,73.81962072051905,Manzanilla
C4,89.3538040787073,22,16.048425488841332,73.21850924342107,Manzanilla
C4,91.62644793218406,22,12.52520412221219,71.31574502302041,Picual
C4,87.6870953209626,22,10.855860219265352,76.07125480803361,Manzanilla
C4,87.8679155271951,22,9.947247596810847,70.95657177709413,Manzanilla
C4,79.01759629723512,22,7.717763254878215,73.90819505828468,Manzanilla
C4,86.80307259103189,22,3.113060678130518,83.30154096647442,Manzanilla
C4,90.37860436885416,22,3.593859486623227,83.04399612103386,Manzanilla
C4,81.3658514660447,22,3.33491003899522,81.67785359184002,Manzanilla
C4,86.37064264949514,22,8.09737058941697,71.99433418107948,Manzanilla
C4,81.69135008212446,22,15.36615833753292,64.66643138750239,Manzanilla
C4,83.92622274901997,22,5.962436839178379,82.80161710132401,Manzanilla
C4,85.08874240606185,22,5.019008839054539,80.76527737410971,Picual
C4,86.9886672033764,22,6.290040918253029,79.88963068791259,Manzanilla
C4,80.5863107749104,22,3.2516878426302362,76.91938854458533,Manzanilla
C4,86.91558738529227,22,12.61084549243785,77.06300256326975,Manzanilla
C4,89.07279979534584,22,2.4707774764398973,80.02747654755296,Manzanilla
C4,78.63914126734467,22,8.264203160289025,71.92346647087184,Hojiblanca
C4,83.0554342543743,22,11.91257908293358,77.23651948016642,Manzanilla
C4,79.19580482230326,22,12.141620732093386,68.13061644087492,Manzanilla
C4,90.29469335443098,22,7.804643191149152,74.28480367984078,Manzanilla
C4,88.7793009147102,22,3.719484132519044,76.65866512211016,Manzanilla
C4,76.74267562962311,22,4.55091911059825,80.08714548444001,Manzanilla
C4,92.0351564915831,22,13.557068651497719,67.89312664601353,Manzanilla
C4,77.89210309072587,22,6.393685166439864,82.99002649728183,Manzanilla
C4,86.14774888843571,22,10.773302122773478,71.89856183090366,Manzanilla
C4,50.84950022371663,22,15.87497911017108,69.20932554202047,Manzanilla
C4,83.20546007716453,22,13.136447794158206,73.834588524142,Manzanilla
C4,49.3130429258907,22,10.9025916609318,70.18730218312606,Manzanilla
C4,87.82343614073358,22,4.469248935928384,80.7240632958823,Manzanilla
C4,92.63100437047756,22,6.611619704537434,76.61556447722963,Picual
C4,83.60267713241335,22,16.53679926411468,70.47942147190312,Manzanilla
C4,91.83582953593306,22,10.888480335344525,73.77853518431179,Manzanilla
C4,87.00974485517656,22,5.367791289521469,81.03749361959211,Manzanilla
C1,98.07422227181566,23,23.226035010073392,64.08543482042924,Picual
C1,86.79184246176986,23,21.067652337461904,64.72215884190815,Picual
C1,88.83369726518711,23,21.35494829049059,61.33460855930391,Picual
C1,89.03565967420312,23,21.648912158770415,60.967678368746235,Picual
C1,90.93225206818936,23,22.671670908866343,63.2318753102778,Picual
C1,92.13525591478688,23,23.141324385285493,59.42084957195318,Picual
C1,87.00420551844489,23,21.52072283307143,64.32126204849412,Picual
C1,88.02775086965478,23,21.564845738121264,65.4193594357227,Picual
C1,82.77860908829736,23,19.910323662149985,65.12056706768482,Hojiblanca
C1,84.96824145322982,23,22.10688294603618,62.284297259894146,Picual
C1,94.95329700757466,23,23.987148359422093,65.7966949789062,Picual
C1,84.91206977011211,23,20.168524229992755,64.67639141009283,Picual
C1,82.19105013684543,23,21.92123848808143,65.7130324062967,Picual
C1,89.84433928548832,23,21.728746562802545,65.1436667174394,Picual
C1,91.15139506288004,23,23.789871183624914,57.615450600291155,Picual
C1,97.90700823871477,23,24.52548547331928,61.86966847854913,Hojiblanca
C1,81.81025965417969,23,20.707822358922616,65.07783923178232,Picual
C1,82.78686282458877,23,20.433382104155275,66.13525158672039,Picual
C1,83.1261003432495,23,21.488859958216135,59.369165192338585,Picual
C1,84.10492826207893,23,19.692468825826612,66.11172043302328,Picual
C1,87.16437940349863,23,22.322729887451946,65.58368743810261,Picual
C1,78.12790789389867,23,21.053782885859377,66.50262853787508,Picual
C1,83.11909621988049,23,20.844256840897607,62.43774501526857,Picual
C1,83.04906736310222,23,21.977311327279597,62.987992155177366,Picual
C1,90.14200018947098,23,23.473761218925553,62.56362347564805,Picual
C1,86.80817984872309,23,21.902285174699777,65.04319573551061,Picual
C1,83.1587037890921,23,20.235247875597462,69.0817561103465,Picual
C1,90.08026763615838,23,23.03982496837753,64.55754465829864,Picual
C1,89.86450780757399,23,22.528389779115923,65.97251046842726,Picual
C1,83.98057932960997,23,20.61947269157813,60.95790672796128,Picual
C1,89.04066320030572,23,23.55017646304902,56.73473512905547,Picual
C1,83.03843231369342,23,21.275370826378857,68.25945345272449,Picual
C1,82.21787292917567,23,21.16444591076053,62.43671876277473,Picual
C1,89.77304357823141,23,20.905690440912004,68.72129690097611,Picual
C1,88.09918878254867,23,23.221294482415892,57.72140483438057,Picual
C1,86.01491412218473,23,22.64928382466581,65.59333279237708,Picual
C1,82.00355911895687,23,19.76794848302883,65.30598539900957,Picual
C1,89.86265595304563,23,22.132163750645972,60.24866417584583,Picual
C1,86.96390583136768,23,21.846314472999907,65.4202031216562,Picual
C1,86.07538288083691,23,22.503490334411545,62.86119554137613,Picual
C1,87.03132616433246,23,21.236579086518546,65.86971971001952,Picual
C1,87.17682044888676,23,22.504190338277613,67.18912768177775,Picual
C1,84.82300416557507,23,20.867494212521855,62.187633488210814,Picual
C1,89.86470063069781,23,21.090067089039305,64.05543404275014,Picual
C1,86.90062583526583,23,21.507351248750975,65.33041447757195,Picual
C1,90.18574017378702,23,23.105524480230347,59.14273609023881,Picual
C1,87.94914900776294,23,22.44171562415217,61.48317470721304,Picual
C1,83.1121298654284,23,20.27098034013617,67.80077822885897,Picual
C1,84.00075784337945,23,20.51924677477682,63.3970900325682,Picual
C1,83.91674785884398,23,20.902228842578367,65.13051757240176,Picual
C1,83.83962303021339,23,20.759616986494176,60.060470037353824,Picual
C1,90.99229559731616,23,21.649522667421497,63.89019411951925,Picual
C1,88.03253300817572,23,22.45035175581082,61.892421643339425,Picual
C1,88.03901544959831,23,21.476239245428594,61.217117390866484,Picual
C1,84.98056418104555,23,20.645854696271403,59.97105818164967,Picual
C1,87.2048154133931,23,20.579761885739806,64.55324682779911,Picual
C1,84.214422942887,23,22.195174290334958,58.71149164502347,Picual
C1,86.09487882415092,23,22.423448622697215,60.68196957653898,Picual
C1,94.02628764273555,23,24.23102601018889,65.6912094219233,Picual
C1,95.16853906008431,23,22.31775372245063,65.63042627676835,Picual
C1,84.99251552999559,23,19.867769602403555,66.47596601539327,Picual
C1,82.98763721049261,23,20.052423271545823,62.14319907565775,Picual
C1,87.00441010143737,23,21.09964346899699,63.53579541259535,Picual
C1,81.95927612878432,23,20.058584430023515,63.75450102306674,Picual
C1,86.14246918608065,23,22.195056997625244,62.358665666176194,Picual
C1,83.96930250590911,23,20.604380936025628,68.34317062400015,Picual
C1,82.02773181598997,23,22.1000792720535,66.7527032057188,Picual
C1,82.11420222756507,23,21.341113496266605,60.363825112423896,Hojiblanca
C1,84.96040235215075,23,21.807993077247694,59.396468137583945,Picual
C1,91.10039561416262,23,21.425001036329135,67.96649941965298,Picual
C1,84.99671602415187,23,20.087830635093983,61.3637813608638,Picual
C1,84.06310156081804,23,20.65078692764936,65.980165256315,Picual
C1,83.95478555838062,23,21.706859231195967,63.98069093404732,Picual
C1,84.85526782198274,23,20.632276589439535,63.53594502833267,Picual
C1,86.97724589764272,23,22.523677585719934,64.92230483748727,Picual
C1,87.12500753707434,23,21.573131240340423,63.83451652151077,Picual
C1,86.02481953830794,23,20.565251749616703,63.24759882491797,Picual
C1,86.94720746948853,23,20.36868023621854,66.74584910297938,Picual
C1,86.92887448574476,23,20.702038435135396,66.88691121655576,Picual
C1,83.79279111679256,23,21.6820379728673,60.73363380318454,Picual
C1,94.08219717221534,23,21.78125230374223,60.95229587897498,Picual
C1,96.07440289490944,23,22.83868762442075,63.674993313870196,Picual
C1,85.15639212727457,23,21.97409369516094,67.7091149454152,Picual
C1,95.0487057736594,23,21.953722024152068,61.75809042773612,Picual
C1,84.88120404533838,23,21.439667633638713,60.087665852211536,Picual
C1,95.01667040119266,23,23.333574208190218,57.067765299606606,Picual
C1,90.19548752232498,23,20.98817263916177,67.10579685860912,Picual
C1,91.99059379084032,23,23.888069168295637,61.78301188131747,Picual
C1,87.22235104608578,23,23.13959380139087,57.89267436800928,Picual
C1,89.07839603589942,23,22.362007454353904,65.47839284083919,Picual
C1,65.89192085481338,23,16.602853957774265,71.15122361415871,Picual
C1,84.77477881107207,23,20.739627017602064,61.932447588440795,Picual
C1,97.09641581269771,23,23.07444935318314,63.121775759230204,Picual
C1,84.17683693706985,23,20.63283584639103,66.4344908557308,Picual
C1,84.12215575873245,23,20.784866635685606,62.337883201723315,Picual
C1,98.14323626246036,23,25.361381386544068,64.29189100200897,Picual
C1,83.79863135699462,23,20.50006026250388,66.60790483532277,Picual
C1,84.05671305301301,23,20.9659729395113,59.56073611232695,Picual
C1,97.03041849039778,23,23.495879223232393,60.239387760135855,Hojiblanca
C1,89.81086473639282,23,21.632101206101837,64.3576770000182,Picual
C1,88.13635883082917,23,21.625034818119516,65.39281823410275,Picual
C1,84.21893076475341,23,19.834008442768297,67.41659031425995,Picual
C1,91.79960143873588,23,23.945053734689115,64.2236196198065,Picual
C1,85.04738912918904,23,20.262278962175824,62.11651941476039,Picual
C1,88.22101647199372,23,22.125636799991913,66.45361016466647,Picual
C1,81.85315984541354,23,21.84960433721914,66.52250799001288,Picual
C1,82.83407072568235,23,20.08626224695847,64.1375923112664,Picual
C1,90.93894655614992,23,22.95171348747871,61.028661872912465,Picual
C1,83.84298045479183,23,21.344881747505323,64.96018503529072,Hojiblanca
C1,83.94567421752033,23,21.25048957716136,61.72349441371108,Hojiblanca
C1,82.12496887257201,23,19.7686545002417,60.306000615776696,Picual
C1,85.06650801869976,23,21.90366287309052,58.54520329309615,Picual
C1,84.81025399571843,23,22.20954303060671,60.899983382192445,Picual
C1,87.99232065120944,23,21.096046959605687,59.78758894004973,Picual
C2,72.97406340173318,23,8.084362940810005,75.21610639496637,Hojiblanca
C2,72.9570961303564,23,8.154591674643743,80.72543875782206,Manzanilla
C2,73.82049430094462,23,7.10459126448357,76.12188082906825,Hojiblanca
C2,74.13535101550677,23,18.275944231017505,65.80818639057391,Hojiblanca
C2,78.81325593401385,23,8.494374421029217,79.86119405017206,Hojiblanca
C2,82.13284613873675,23,7.621744907394337,75.11034617662648,Hojiblanca
C2,76.16000928639623,23,12.000927477762803,70.73305261346395,Hojiblanca
C2,77.01878053905703,23,17.307691560262626,70.94254502676243,Hojiblanca
C2,73.06876833235657,23,7.957568565083356,80.7849743496775,Hojiblanca
C2,76.9631112657051,23,8.629610332484596,76.76328672046694,Hojiblanca
C2,77.1379938561,23,8.50645151632919,74.72129307539319,Hojiblanca
C2,73.17636998267764,23,14.136818967803821,69.57095160301847,Hojiblanca
C2,69.98678154954385,23,7.075485964621647,82.2761925975378,Hojiblanca
C2,73.90824736280648,23,18.05794530851287,68.18443484427516,Hojiblanca
C2,74.11960832617008,23,14.358026404864493,72.81710951235792,Hojiblanca
C2,77.94459610671379,23,15.392350477296514,68.34599409802439,Hojiblanca
C2,74.01485562550033,23,18.41468070788754,68.35734916318711,Hojiblanca
C2,73.85245815761577,23,7.291272488617578,76.95457161237205,Hojiblanca
C2,72.14306887817538,23,12.51380135539165,69.15565995291122,Hojiblanca
C2,47.787723429800565,23,12.998038906966977,71.9008174834088,Hojiblanca
C2,75.10117329413886,23,11.35308412235606,76.0418905356452,Hojiblanca
C2,75.00075918030944,23,11.851053663019972,73.3257201905698,Hojiblanca
C2,71.90453154535935,23,14.295754684032563,73.70193897124746,Hojiblanca
C2,75.89793857721698,23,20.026673304640255,60.12771736625625,Hojiblanca
C2,77.08012601463595,23,11.478139502916251,74.4834459097706,Hojiblanca
C2,72.77696602300752,23,14.751455121741442,72.44954293425792,Hojiblanca
C2,73.09381425357334,23,12.32405407562818,75.62679010226647,Hojiblanca
C2,75.7932655681101,23,17.860510648597767,70.99505381055911,Hojiblanca
C2,83.99039780716166,23,11.325235088774633,71.4079049214751,Hojiblanca
C2,79.20144880752733,23,15.450691776237225,72.86864395633222,Hojiblanca
C2,75.18646750554937,23,12.022954151580977,76.01805407380863,Picual
C2,72.83339995026687,23,7.877862927224726,79.38962080857107,Picual
C2,73.8600482687838,23,17.951777453464672,62.22037283309395,Hojiblanca
C2,80.95083219624755,23,14.172682678919188,74.0395842463543,Hojiblanca
C2,71.97240516747387,23,7.154135364762638,76.00384822226673,Hojiblanca
C2,72.90678712140362,23,8.549384357578928,74.64652196279764,Hojiblanca
C2,71.86688853015706,23,5.614172340974338,78.37884118106653,Hojiblanca
C2,73.97805150600574,23,15.364096091885758,68.03479049675414,Hojiblanca
C2,74.2297109965738,23,15.831277201728591,64.4209309491487,Hojiblanca
C2,73.07862681512427,23,5.726901858124153,80.90293110509651,Hojiblanca
C2,67.99927351699277,23,18.807751119966024,67.02089240978216,Hojiblanca
C2,72.77488271178602,23,10.821170543067808,72.64565084539223,Manzanilla
C2,78.20758029334625,23,13.700449657822029,69.31732642150571,Hojiblanca
C2,73.93655938133828,23,7.0858412243915,81.74424126973203,Hojiblanca
C2,81.93489887589362,23,18.69791008576738,64.88922469097558,Hojiblanca
C2,81.2011826913782,23,15.943002388520288,70.12901191702743,Manzanilla
C2,76.87716980594972,23,6.687039798133814,79.12812377499276,Hojiblanca
C2,73.84857014737149,23,10.663467270775362,76.24397984123651,Hojiblanca
C2,80.80959391203878,23,5.809401592487127,78.08128004115812,Picual
C2,70.15790879249789,23,18.939090483752604,63.27771806572849,Hojiblanca
C2,71.9980910954475,23,16.628554295210876,65.68838865993334,Hojiblanca
C2,73.1351707261255,23,17.32777714069048,67.78040066977078,Hojiblanca
C2,72.13422683351386,23,5.503304624928055,75.54376096781685,Hojiblanca
C2,72.8984049771998,23,16.892121139463214,71.50173843513028,Hojiblanca
C2,78.07543670574248,23,17.129511788117313,66.04967976471718,Picual
C2,72.12353712921471,23,19.333258398702554,64.57481885981862,Hojiblanca
C2,74.03489104195481,23,20.16830582892873,69.24369735358016,Picual
C2,71.87155715195902,23,17.564410573436216,67.71917428644181,Hojiblanca
C2,73.03534651024533,23,8.784982965635225,72.99016542214817,Hojiblanca
C2,80.21448609043719,23,13.519485929402062,68.26719760963591,Manzanilla
C2,74.09807160730989,23,6.113822537872582,75.8065003098099,Hojiblanca
C3,75.94425988453764,23,19.61307799088108,66.59635064448548,Hojiblanca
C3,77.21411264508637,23,18.18230085108444,68.53577063185938,Picual
C3,74.74214439913455,23,18.94855131934181,65.42435021019858,Picual
C3,78.84865168170509,23,18.739805647999816,65.17203809197015,Manzanilla
C3,74.88415194456213,23,20.001973597552343,62.83629475059366,Picual
C3,88.10240473900677,23,21.601329412486223,68.06129249016611,Manzanilla
C3,69.04968631842607,23,19.134902350715237,68.38953777803872,Manzanilla
C3,94.95514138805495,23,22.296923714363967,61.069019408600056,Hojiblanca
C3,67.7842276910169,23,17.732958826972517,63.34023187465331,Hojiblanca
C3,76.70386264008057,23,19.287789122780772,67.99274869246494,Manzanilla
C3,76.25312642062856,23,20.173340574085778,68.23991888796934,Manzanilla
C3,90.80043130419725,23,20.53722937991244,61.405968635584166,Picual
C3,78.8929806054926,23,19.810167146545616,69.1010920130233,Hojiblanca
C3,76.91000422727993,23,18.673460758048595,70.92498948892576,Picual
C3,77.81656272691276,23,18.23447682074724,71.27901879217086,Hojiblanca
C3,81.29027808455419,23,19.78551868736031,61.5511398331319,Manzanilla
C3,75.91132581790407,23,19.8359275212798,61.90447947394384,Hojiblanca
C3,76.27430063911767,23,19.32577962695365,64.43383461753604,Manzanilla
C3,79.77268613253307,23,20.61241952370576,68.34991269755238,Hojiblanca
C3,84.9989409188084,23,20.401448692142242,64.79848391828438,Picual
C3,78.12304328220664,23,19.010515118602058,65.26326054818819,Picual
C3,84.70707128720096,23,20.36952281936172,61.46309403740807,Hojiblanca
C3,81.01223181079169,23,20.863575020532448,59.80182582792335,Hojiblanca
C3,83.26858893914134,23,21.40999604892012,58.881846523953755,Hojiblanca
C3,52.195535556941216,23,14.744942289574638,67.93463752164772,Picual
C3,85.77736318895653,23,20.949984434157155,68.34898934188163,Picual
C3,91.7512181582974,23,23.62095536927177,59.81314592706197,Manzanilla
C3,79.06346320971404,23,18.430495910223428,70.421997432608,Picual
C3,79.25823698418164,23,21.03059443909726,62.84978040272439,Picual
C3,78.02727750725857,23,20.601589404878407,63.78416046324327,Picual
C3,80.26493205367325,23,18.416327907789572,68.5263947026342,Picual
C3,74.99794436137606,23,17.62432943485524,70.47327387644782,Hojiblanca
C3,87.15965183660215,23,21.657021745739417,59.813414237023466,Hojiblanca
C3,74.9544813735475,23,18.27354864272394,71.13143197261884,Picual
C3,81.89966540075973,23,20.912440466897625,68.38886287049993,Hojiblanca
C3,81.10119964556976,23,19.76218853637014,68.5750106028641,Manzanilla
C3,75.87757555483725,23,17.973251554172492,71.28036106851395,Picual
C3,84.1184964517206,23,20.638207925517367,66.44219203101547,Picual
C3,78.0128789210446,23,18.613820647523173,68.16393878491891,Manzanilla
C3,76.02251668925626,23,17.796048488760242,65.38428234890128,Picual
C3,79.19207385590164,23,21.028139558984975,63.54092254337863,Manzanilla
C3,83.0231166939395,23,21.630391495757603,59.098362542369415,Hojiblanca
C3,77.9711157210507,23,20.066611725868153,63.208038405851326,Picual
C3,77.80839281903692,23,18.263124629209962,64.04269784133135,Manzanilla
C3,80.88979542758348,23,20.000710885584134,60.75457474269388,Picual
C3,79.09039999238436,23,18.249123462225054,63.17098929691129,Hojiblanca
C3,74.93991141108037,23,18.826663127180062,61.70987014179956,Hojiblanca
C3,90.04841876957366,23,20.91394096499164,60.6488301562278,Manzanilla
C3,77.06048183776528,23,19.88580505113853,65.40048335233259,Manzanilla
C3,78.96323888137302,23,18.758557226403415,64.61303503488477,Picual
C3,78.17911903834467,23,19.288930565514047,65.35461918450149,Picual
C3,75.83918660619129,23,18.133882326000034,70.84368023672731,Picual
C3,76.23729637758615,23,18.117844352202265,70.541251343948,Hojiblanca
C3,77.00299437729413,23,17.814932095358834,69.86150555136174,Manzanilla
C3,75.01428548624567,23,19.308400822329247,67.46594814297036,Hojiblanca
C3,90.83493807892684,23,23.35140788859729,66.33401950952873,Hojiblanca
C3,75.08083273709937,23,19.636801625137956,64.18791433772475,Manzanilla
C3,90.7949661953498,23,23.396287626590848,61.0436256412185,Hojiblanca
C3,84.86583262765154,23,22.05807088467326,66.1390247702249,Manzanilla
C3,79.22039989492265,23,20.983236467035546,63.93696449074384,Picual
C3,80.79924739680395,23,19.83312487592434,68.3351291950193,Hojiblanca
C3,87.86698024768984,23,21.957750113153573,60.49071706800013,Manzanilla
C3,76.21808385484509,23,18.722338767607326,66.39955786968689,Hojiblanca
C3,77.81435752303827,23,20.01073979577528,63.702638335068556,Manzanilla
C3,75.23411407205822,23,20.10887073354486,67.50794946787516,Manzanilla
C3,75.87536241517185,23,19.282540749216214,64.51048128557558,Manzanilla
C3,78.26196367018763,23,20.804491500142706,63.27814332491792,Manzanilla
C3,81.22466744713638,23,19.787548802186986,62.574591940002506,Picual
C3,78.88051567904347,23,19.437627944889137,61.00081007477876,Picual
C3,76.0669176974877,23,18.24693071694661,65.65384319385869,Hojiblanca
C3,79.75249169705333,23,18.538092135189366,68.82685209078394,Picual
C3,80.08426957986737,23,20.34124385411645,63.88473167098093,Picual
C3,78.84866795561499,23,18.271903328701892,61.88684730418501,Picual
C3,81.06170093462771,23,18.925647211937246,61.2581816192467,Manzanilla
C3,77.94850681920596,23,18.827503161796383,66.55578836621171,Picual
C3,88.8409777995075,23,22.452813612698943,60.955629286678004,Picual
C3,85.90975390406489,23,20.66737823029675,61.88498326574397,Picual
C3,83.80720660957031,23,20.192373224100525,68.99625670431621,Picual
C3,81.79790791925245,23,18.721064024407003,65.24846616215764,Picual
C3,83.76648705673989,23,21.837526801553967,59.35694915911358,Hojiblanca
C4,91.29926654187678,23,15.343354760012055,71.26450646581202,Manzanilla
C4,92.8359946367223,23,15.840194944499514,72.63461883331438,Manzanilla
C4,81.00797952557396,23,4.9501217928450245,78.04327232788671,Manzanilla
C4,88.75850391974345,23,8.690329458925797,79.69261962158066,Manzanilla
C4,86.06251712729092,23,12.042480345412548,76.36673306540291,Manzanilla
C4,94.13301131931544,23,14.595350999881237,71.62576073784085,Manzanilla
C4,90.18104978534768,23,6.119731529417294,76.27627860499683,Picual
C4,96.87023232711144,23,1.142384041349171,86.48266042793645,Manzanilla
C4,88.65276171677625,23,1.8592829898848215,86.77615733405032,Manzanilla
C4,89.20685041071152,23,12.042245270015862,72.51826087316104,Manzanilla
C4,55.01565087177544,23,15.199279553825553,69.17961805717914,Manzanilla
C4,76.02982376530092,23,11.871489084396464,72.25492069749977,Manzanilla
C4,80.81011550398136,23,3.516359238236694,78.31174070919155,Manzanilla
C4,84.117775970334,23,17.09704443276271,63.47408036695012,Manzanilla
C4,84.00104326198108,23,14.528317162890712,67.15736629364827,Manzanilla
C4,89.05200626168796,23,12.223133787180856,76.06999851671725,Manzanilla
C4,79.85246262043619,23,17.14779836675786,68.74341454612079,Hojiblanca
C4,90.07127382923078,23,1.2973006817445434,86.01468437338758,Manzanilla
C4,90.01787403986141,23,4.654586242112384,77.70685700450736,Hojiblanca
C4,82.32207881027101,23,5.368380402905057,75.3114504772802,Manzanilla
C4,94.05066545649647,23,0.9996320331997541,83.12684796583922,Manzanilla
C4,76.99172154665384,23,10.188173239724435,76.23653104381708,Manzanilla
C4,83.17128797366352,23,15.33636221901264,68.74074417333706,Manzanilla
C4,86.30869450653033,23,10.66803177422727,70.96167785406978,Hojiblanca
C4,76.76410302365446,23,11.35635633814451,73.54721663520415,Manzanilla
C4,79.09159206079812,23,13.881637914881248,73.44762489346775,Manzanilla
C4,82.01537139534999,23,12.78184270365676,69.00753999877949,Manzanilla
C4,79.29726287146478,23,3.672705091063264,77.23880210519533,Manzanilla
C4,80.63782794681747,23,4.629949978144943,77.36276603090172,Manzanilla
C4,87.69750771264133,23,16.1562704200358,65.23794088731138,Manzanilla
C4,74.70442842026019,23,16.05703086763144,70.65121037811411,Manzanilla
C4,75.67465039443881,23,15.567770435430418,74.15186089263321,Manzanilla
C4,84.87047820110763,23,13.70577799957709,66.83309426288892,Manzanilla
C4,93.71670489493506,23,9.246875434535639,77.28488909216783,Manzanilla
C4,97.69317245578952,23,15.567170167875434,70.40365974165435,Manzanilla
C4,80.99177659218607,23,16.883573700844156,63.36827004552789,Picual
C4,75.86457703937839,23,15.248559878760801,74.3877056728702,Manzanilla
C4,79.75884766407403,23,14.632801922910952,67.15184527346501,Picual
C4,87.13262884750498,23,5.683330299647016,76.76040139010375,Manzanilla
C4,74.90054018191609,23,16.090357202237428,72.5915540151662,Manzanilla
C4,81.64340535519037,23,7.994643092954304,75.63684378885844,Manzanilla
C4,86.0304410017361,23,4.573542379183783,77.54667323075265,Manzanilla
C4,82.28726343384913,23,4.735578397172167,78.89667698757556,Manzanilla
C4,75.96975055989981,23,17.22761852502765,64.24430749216944,Manzanilla
C4,78.97878069276001,23,12.09276945688406,72.438845635139,Manzanilla
C4,77.0099066721619,23,16.4822675301399,69.73723040766549,Manzanilla
C4,77.0170282500159,23,4.129875160531238,79.00954734931217,Picual
C4,77.28250729714314,23,5.293743130106653,76.37653813347951,Picual
C4,82.18446413976024,23,2.4965404501117376,79.20095753213721,Manzanilla
C4,75.98359481799545,23,9.360786326342563,74.63030987790856,Manzanilla
C4,76.77238833137608,23,16.374304506507446,64.085268167626,Hojiblanca
C4,77.24316585307297,23,12.532184254507957,76.50580437668697,Manzanilla
C4,85.84920036914228,23,2.566006751569141,82.9958834652216,Manzanilla
C4,79.08646155113713,23,11.877935743868017,69.19050083349975,Manzanilla
C4,89.90653385870884,23,6.997181475716474,75.17492156886601,Hojiblanca
C1,81.72593757755813,24,20.895950770625618,61.61081334237831,Picual
C1,78.84121200903424,24,20.910046499505526,68.46490036893124,Picual
C1,79.9136212421056,24,20.398890688145386,63.522200841980265,Picual
C1,78.7700505207947,24,18.739589652330885,70.40416411862509,Picual
C1,81.22902686177575,24,20.426997210246494,68.16075251893508,Picual
C1,86.00984188373718,24,21.137942797683007,60.13371837958711,Picual
C1,77.87264708510345,24,20.776287746425126,67.57220835804975,Picual
C1,95.70870469698217,24,23.02048527224703,61.341464905151554,Picual
C1,96.0515742475161,24,22.058042272620263,67.58838153188185,Picual
C1,91.26725917541832,24,23.073369511371073,64.91544515755334,Picual
C1,79.08489523941986,24,20.389799466947956,67.69444827757746,Picual
C1,86.85497755567293,24,23.120661981537893,64.32810219629262,Picual
C1,87.9532059729596,24,21.62118895011325,61.5573416975885,Picual
C1,80.23316185927342,24,18.925035159308877,66.96778593073017,Picual
C1,85.09739536055785,24,21.647002702842716,64.82019695145983,Picual
C1,80.02138693770247,24,19.01046117977078,64.93431100044873,Picual
C1,92.24806465114308,24,23.90812410230478,56.93531012979324,Picual
C1,81.92534506098038,24,22.075097676444088,60.84140573181244,Picual
C1,85.82435750660908,24,20.203656018396057,62.86246134798391,Picual
C1,78.27845490603198,24,20.606454642453105,59.56691814814299,Picual
C1,84.7447274415899,24,19.908243194714036,68.59228765873581,Picual
C1,87.76759863657843,24,23.32560825148187,63.990361648649525,Picual
C1,82.94289445064139,24,20.689115547424937,62.03767710959919,Picual
C1,93.91280629583714,24,24.101889926189067,60.52605986262743,Picual
C1,88.28405534252855,24,22.763099883706005,59.2593686479338,Picual
C1,86.19572511791267,24,22.06146272442132,58.34683870796877,Picual
C1,87.0802021314384,24,22.241019662041104,60.13000587897472,Picual
C1,82.69108430259973,24,19.801438087166744,68.32496213713723,Picual
C1,84.70471999474974,24,21.968896681515787,59.27834898838803,Picual
C1,79.27352904526153,24,19.807485841981823,70.1440538860015,Picual
C1,82.9243715589039,24,21.58585833536113,64.5260942231354,Picual
C1,78.23533009684161,24,20.940912319298835,62.393164466524894,Picual
C1,89.76188541348338,24,21.9664479443003,63.14030574902392,Picual
C1,81.29958382473559,24,19.388293660490564,66.88143624197545,Picual
C1,83.7817493618995,24,19.820982591673136,68.21630704663977,Picual
C1,86.29847210356316,24,21.150930712258464,66.71929509099397,Picual
C1,81.93597928960102,24,19.232493197002285,64.56316021691029,Picual
C1,90.22733644547768,24,20.838327377098278,67.01560074616872,Picual
C1,79.094978585448,24,19.731900008122647,61.41478016912808,Picual
C1,45.89455519318936,24,13.126482504831712,76.69103633162977,Hojiblanca
C1,85.07287816384539,24,22.54310071833221,59.997645328234,Picual
C1,89.22353774788705,24,21.888308825136292,58.9466118029855,Picual
C1,91.9239407546739,24,21.63177564708931,58.52423759687622,Picual
C1,78.90099080141206,24,21.164176105475992,60.89394488915936,Picual
C1,86.16991784926358,24,22.077040169260684,61.734723533069726,Picual
C1,82.1671990165338,24,21.7152425827383,64.01948202901221,Picual
C1,92.22374005682065,24,21.50514925911762,67.34440048498192,Picual
C1,87.1892890048295,24,21.440894128163258,61.893640721457636,Picual
C1,86.79479270472108,24,22.72714173331336,63.30434023415428,Picual
C1,82.22701762393565,24,19.56608939415936,60.58972687384045,Picual
C1,82.80343741162254,24,20.500501260306333,67.01727308940751,Picual
C1,78.87595866303103,24,20.57073161681708,64.33983688365757,Picual
C1,80.79587230396075,24,20.757735064003434,63.26680885404894,Picual
C1,80.25798367075431,24,20.43029368886342,59.94969730230038,Picual
C1,84.90328851352442,24,22.02992280484965,58.321555988924786,Picual
C1,86.88406361282934,24,22.23638588227551,67.46942079357615,Picual
C1,83.2517510335598,24,21.462716466407194,65.99497740426389,Picual
C1,79.18740999760709,24,19.33556374833487,63.57792811173888,Picual
C1,78.85433237976785,24,19.550735826065843,69.18937003975337,Picual
C1,80.03928300114418,24,20.33237846118322,64.18192994609691,Picual
C1,79.70702223658111,24,21.072024496711755,62.62734451980466,Picual
C1,81.28524287851533,24,21.534752921931357,58.483993197700514,Picual
C1,90.10264794113657,24,22.030129523297738,66.49550741359243,Picual
C1,81.96123637199078,24,20.46574318821288,69.08627749552768,Picual
C1,61.86765188476426,24,17.685015392205315,63.37200576179333,Picual
C1,83.83492535417824,24,19.8539160706431,68.10741001349405,Picual
C1,62.94625367897778,24,16.802950052275733,63.86076601164221,Picual
C1,78.70939802036243,24,18.804270849489008,65.98800185487283,Picual
C1,85.96344438391382,24,21.833603665448006,58.69662811718844,Picual
C1,82.06312854205453,24,20.47758360258273,69.44686629910629,Hojiblanca
C1,88.15525966579791,24,23.377077375242216,62.182374245107276,Picual
C1,84.214302665544,24,21.84185739441611,58.78056799252532,Picual
C1,84.98730338385191,24,21.011624008309003,67.94667754738225,Picual
C1,78.29926319281705,24,20.305450746904175,63.46466567882712,Picual
C1,93.86868619105428,24,22.838321511546724,60.51072114729874,Picual
C1,83.90757909547717,24,22.167055037920267,58.72929958814689,Picual
C1,84.11324264408287,24,19.71613515239906,61.00255883110694,Picual
C1,84.25741462758523,24,21.491335565466265,63.57015922904615,Picual
C1,89.0855057881057,24,21.246300780196535,66.77701295724287,Picual
C1,79.23867708679,24,18.92773539930652,64.32232580744025,Picual
C1,84.12804885822177,24,21.398990784943425,60.43377465287007,Picual
C1,89.02638696113017,24,22.554576687169018,57.74428563135619,Picual
C1,79.85320575496793,24,20.39368688871849,60.381395530917644,Picual
C1,71.25458682816947,24,19.354492680750088,61.58647761770226,Picual
C1,77.97667365527391,24,19.488053219370023,67.95575474543844,Picual
C1,80.9521319958113,24,19.164816669158096,69.25553750755948,Picual
C1,78.7596534412081,24,19.533692729256096,67.90378053899681,Picual
C1,97.04231026750736,24,23.137476467754404,60.257260131990925,Hojiblanca
C1,81.28127888011457,24,20.943175743690517,65.2623380009036,Picual
C1,79.14955851624856,24,20.00491016808291,64.46108025910257,Picual
C1,78.03051460298406,24,19.053061314118573,64.89099865678384,Picual
C1,82.99094406109882,24,20.28984120185003,64.77406673093299,Picual
C1,78.72494641336021,24,21.471469327847405,59.968996601780304,Picual
C1,87.1915291272532,24,21.83535199732452,60.81258530084331,Picual
C1,81.28252154396704,24,19.31859519207373,69.04112596198215,Picual
C1,82.76601968905781,24,19.74721384676598,62.56758922647381,Picual
C1,80.77878412857612,24,21.38084066755915,59.08044833121729,Picual
C1,81.28842284881547,24,20.711376313143298,67.4171747332706,Picual
C1,87.08940271026383,24,22.544803143544463,63.343903845547935,Picual
C1,83.87623455706377,24,20.852357923683403,62.88483747370449,Picual
C1,83.80585491374195,24,20.720956131724076,69.03283037612184,Picual
C1,80.02625525406793,24,20.020964907565766,69.07769529159549,Picual
C1,81.29969384199413,24,20.23495148925237,62.69473452862421,Picual
C1,86.19453716550206,24,21.127504951470303,65.72815380726459,Picual
C1,81.80211068013206,24,21.5777373745179,59.960015060244714,Picual
C1,95.18364267197042,24,23.663806151575308,63.82681253742154,Picual
C1,80.72249919586731,24,20.230069016646222,69.12885153359443,Picual
C1,83.00062608798282,24,20.336137392743396,61.55331288532403,Picual
C1,85.22145511444916,24,21.535078409438224,62.693241759849755,Picual
C1,80.01749762509921,24,20.504723327196857,64.59409492935421,Picual
C1,83.28327777083048,24,21.560070334763026,62.30332277099721,Picual
C1,89.24116577446613,24,23.32153118899821,63.4729866897233,Picual
C1,82.19231585803834,24,21.772976220544134,58.871174896846796,Picual
C1,83.72556087547825,24,20.756945302356137,64.38378449345134,Picual
C1,83.92493465238083,24,20.856200580495255,59.31226475712485,Picual
C1,82.17315897072484,24,19.912380542337832,63.911432057240916,Picual
C1,79.14394550240725,24,20.850601093575904,66.44006987101176,Picual
C1,77.72276063225989,24,20.882429800541086,68.1544062142448,Picual
C1,82.71788799133395,24,19.411805785214618,67.97760794852735,Picual
C1,91.0182943314324,24,21.60588299159846,60.67084214918391,Picual
C1,83.7258175835425,24,20.318635626670712,62.74585152458231,Picual
C1,87.17143320300339,24,22.68497717324295,67.01606746704675,Picual
C1,86.21148711939894,24,22.04467267201629,59.41282185691081,Picual
C1,82.05010259366112,24,19.414282729166597,64.35962695746126,Picual
C1,90.08079490619268,24,22.78884352339209,61.11799288111226,Picual
C1,85.2670191562374,24,20.188308213978843,63.820170287360256,Picual
C1,88.69272192795034,24,21.55912150879211,67.51933594336666,Picual
C1,82.00338224192967,24,19.222557542816194,63.825550433979984,Picual
C2,72.81768392669602,24,14.640222284140066,70.03791721045577,Hojiblanca
C2,77.16178730485989,24,11.758304603576889,72.26192151849037,Picual
C2,74.99701160251706,24,18.680395722592262,61.767459692313764,Hojiblanca
C2,73.89942612097965,24,18.9527730107169,63.1128974502855,Manzanilla
C2,72.06486523514188,24,12.099279856714686,77.36039353535108,Manzanilla
C2,73.01160449066123,24,5.595616707301296,80.34499704395984,Hojiblanca
C2,72.16544052943023,24,18.630400332764268,65.2116996110488,Hojiblanca
C2,71.81837130816896,24,9.402961027547269,76.5795949961326,Manzanilla
C2,70.92392380126182,24,15.920941364064483,64.24878082898093,Hojiblanca
C2,70.97056538878805,24,6.234682244440599,76.52427847212354,Hojiblanca
C2,73.9141316634343,24,8.509857517261999,79.90550604717882,Picual
C2,69.80752903696126,24,6.418567914671523,77.51165814259427,Hojiblanca
C2,71.048633410003,24,5.779269667670847,80.66888362174184,Picual
C2,69.94722821425819,24,13.986390695278251,70.16186683211647,Manzanilla
C2,70.07138538783575,24,11.745105179973017,77.21700212609727,Hojiblanca
C2,74.93519078995897,24,14.95119811811063,67.6105176051761,Hojiblanca
C2,70.88403517946844,24,8.270876899087073,72.48001335044398,Hojiblanca
C2,73.88565706782497,24,5.837056234073185,80.12136409293618,Hojiblanca
C2,73.16223899463562,24,11.096800718675983,78.81437218712892,Picual
C2,71.14621061243022,24,6.544795517434885,81.39514932809553,Manzanilla
C2,69.91520473524258,24,7.419112662588632,82.18247803110937,Hojiblanca
C2,71.89604369346466,24,19.524575344776093,64.14269254086882,Hojiblanca
C2,74.04432360097614,24,18.500600546453953,61.96333258243823,Picual
C2,69.8166286138889,24,9.492219128089237,77.76032518692907,Hojiblanca
C2,73.12642253938982,24,9.601033914103922,77.01276140359474,Hojiblanca
C2,71.19539961877945,24,11.703398440342479,74.73883616378498,Hojiblanca
C2,71.90493761881,24,18.201182528238448,71.06274286033174,Hojiblanca
C2,72.11568900287384,24,16.19542824940742,69.26834149508886,Manzanilla
C2,76.88450137954621,24,17.758593685068885,63.676728653359135,Hojiblanca
C2,69.10169800977303,24,19.925578185467277,61.46098761331292,Hojiblanca
C2,71.99334515031659,24,7.219321378127731,81.02683016780038,Picual
C2,73.8114729424025,24,12.83750690520252,73.27442576526173,Hojiblanca
C2,69.86045097965297,24,14.165730786906591,75.47679918787827,Hojiblanca
C2,73.02367777730986,24,20.349395229427216,67.0350216989144,Hojiblanca
C2,73.90914665836736,24,7.004477954587915,76.1078260344147,Hojiblanca
C2,70.93303259449337,24,11.850881669617175,76.95865202609582,Hojiblanca
C2,73.0812934364461,24,19.316337824449313,67.03188923215066,Hojiblanca
C2,70.1676835561524,24,13.469245379804113,74.9458309652242,Hojiblanca
C2,73.86834472469369,24,14.563305676256876,68.43237041235787,Picual
C2,44.81727518700833,24,20.396926143208244,62.902113235141584,Hojiblanca
C2,69.96097053981516,24,13.869745781395538,71.87956977608377,Hojiblanca
C2,71.05515638095807,24,19.160120300718788,63.31768146539946,Hojiblanca
C2,68.99041596633673,24,11.96175119234693,68.77054817872408,Picual
C2,70.14394057628405,24,19.851829842347453,63.032115521810795,Manzanilla
C2,68.83628732810821,24,15.300661469064332,67.60367915894639,Hojiblanca
C2,68.99660208294831,24,12.684199886483393,75.05233172981829,Hojiblanca
C2,72.82861853753455,24,11.029462098274415,76.1167462171359,Picual
C2,72.89237686996707,24,18.9376651730899,68.41725513375792,Hojiblanca
C2,71.19306653075368,24,17.57702778075525,67.35958916948007,Hojiblanca
C2,70.9218256644389,24,12.61897890086759,74.0909460644955,Hojiblanca
C2,77.12570706202308,24,18.21845166225733,63.68495643065244,Manzanilla
C2,72.04845486699817,24,15.048029702868249,65.29854130799858,Picual
C2,69.91924334477187,24,19.26158550890031,68.93386384235374,Hojiblanca
C2,72.12691025557305,24,16.54831364580985,66.28622603716087,Hojiblanca
C2,70.0926637158825,24,16.39423044512308,73.51732627496395,Hojiblanca
C2,74.83779099489897,24,7.431999901183139,81.23940808169309,Hojiblanca
C2,69.90900542346546,24,8.63491339493058,78.14800214178746,Hojiblanca
C2,71.8477156867498,24,17.775068776251313,68.06571872195057,Hojiblanca
C2,70.05194418523467,24,11.706359594779153,71.78569404680482,Hojiblanca
C2,73.02122573416351,24,10.813147795889702,70.46527063065578,Hojiblanca
C2,72.07160231379486,24,19.573519297157464,69.11513476132626,Hojiblanca
C2,72.9109011973222,24,7.120457348500328,80.59614743590276,Picual
C2,73.19206569779854,24,16.395117395827445,72.10193871253071,Hojiblanca
C3,80.17944843528069,24,18.90071609662006,65.86319215629594,Hojiblanca
C3,76.2541786074738,24,19.704303324850855,66.82717721048166,Hojiblanca
C3,79.21510175359428,24,19.42441643985871,62.93037859274386,Manzanilla
C3,75.04580806571933,24,19.532316632878135,60.56586730102829,Hojiblanca
C3,82.29941623988952,24,19.93670337333394,64.85261854970054,Hojiblanca
C3,75.11859136485428,24,19.60632466502569,62.65664710903284,Picual
C3,44.71063716841873,24,13.281610272974007,75.7071417245446,Picual
C3,78.91602872033195,24,19.74084041895955,67.70689094072628,Picual
C3,75.7322378819196,24,19.763243669545254,69.7062424053525,Hojiblanca
C3,90.77391945819964,24,22.98294228854448,57.96863278086181,Hojiblanca
C3,76.2523723266304,24,18.565471173026534,65.89210018951626,Picual
C3,83.08174614716006,24,18.897545572343837,62.918726204242425,Picual
C3,81.16915127119381,24,20.000043529360767,65.67169344695752,Hojiblanca
C3,61.10135463145346,24,14.6247985184813,73.27052496709774,Picual
C3,78.21156601919361,24,20.762984693925677,60.90425681475749,Hojiblanca
C3,73.96091941489014,24,18.124339451869545,67.46859865578377,Manzanilla
C3,78.06396773044722,24,19.246689996164537,66.79613782973959,Manzanilla
C3,89.23595222329914,24,22.2880655837497,62.67730278848647,Manzanilla
C3,79.16599411427215,24,19.99797333463039,65.03105011817206,Manzanilla
C3,75.90481125551521,24,19.246474473202483,67.51843900755455,Hojiblanca
C3,80.23581155705955,24,19.17464139718745,69.32353645154859,Picual
C3,76.06063209288028,24,18.59157474165569,64.67023861077058,Manzanilla
C3,75.9290718530231,24,18.280155610224007,68.06233218240956,Picual
C3,80.05058218378856,24,18.689310282031244,67.35315093757018,Hojiblanca
C3,75.67217304258769,24,18.14951304962403,66.75713712356165,Manzanilla
C3,97.1946414612553,24,23.55808090278534,59.284931742105144,Manzanilla
C3,74.90121271393706,24,18.664087165159405,64.70898386001386,Hojiblanca
C3,76.28605695115317,24,18.698425962149997,62.435948348891586,Picual
C3,77.05908992230431,24,19.524839535496778,69.74284449994717,Picual
C3,78.92384387100543,24,18.780409037286738,66.59839014280305,Hojiblanca
C3,77.21986304000056,24,19.11829059511376,61.26032914393522,Picual
C3,77.32336451542103,24,20.592131232793015,60.445984986918766,Hojiblanca
C3,83.96820655787548,24,19.811935914438124,66.13788971488636,Hojiblanca
C3,77.20430231700512,24,17.881447250091234,71.18879200326319,Manzanilla
C3,81.7578469694759,24,20.567332164797094,66.46524772597188,Picual
C3,85.83231711302506,24,22.301129750131786,58.18793292679829,Hojiblanca
C3,75.75109775577354,24,19.761115482129153,67.76147239023086,Hojiblanca
C3,77.11274942982162,24,20.540763862109362,67.66868444957568,Manzanilla
C3,77.99201276458311,24,18.61295220094659,69.60206662040343,Manzanilla
C3,75.24669861730317,24,19.348318199477156,66.09838687736749,Manzanilla
C3,74.11060420211284,24,18.05917799126078,70.97924486239286,Picual
C3,76.75141850321758,24,19.854657142907364,61.72171835437842,Picual
C3,75.22776281944698,24,18.06461318520389,69.4211010936231,Hojiblanca
C3,77.166007355359,24,18.520827788882432,70.02140163732105,Picual
C3,77.05481191671574,24,18.43826113490004,66.60846788445298,Picual
C3,76.72040048844707,24,19.416723711795527,60.649142644279976,Picual
C3,77.08339269736877,24,19.98189346215588,60.707090426881265,Hojiblanca
C3,83.19566119794037,24,20.309401722588206,61.92093541029212,Picual
C3,89.12808687500687,24,21.545742610297786,64.8107284286987,Manzanilla
C3,84.75260084524815,24,20.29594118618351,64.26959880796905,Hojiblanca
C3,91.13624309072334,24,21.771043719944366,61.83804089408863,Picual
C3,78.70395553976799,24,20.808865937394827,68.32329771407397,Hojiblanca
C3,80.72897382460405,24,19.094017812332808,70.35903908202474,Picual
C3,75.18673914991074,24,17.937049801295668,66.12036695347464,Picual
C3,85.99614376578884,24,20.005167892414704,67.98099267931174,Hojiblanca
C3,82.19781231972023,24,20.469036555001175,60.07978637596282,Manzanilla
C3,76.70738458638958,24,20.1173731642292,60.632235333422024,Manzanilla
C3,75.7778899943813,24,18.981489393606058,64.701974798368,Hojiblanca
C3,76.73918845951133,24,17.85176378598771,67.70255617161183,Picual
C3,78.19355047810151,24,20.580396960349002,64.12056977258283,Picual
C3,76.95225673528849,24,17.98518791484942,65.01835353109674,Hojiblanca
C3,91.12728492786594,24,23.54279337372575,65.02127979094888,Hojiblanca
C3,75.09344548006008,24,17.418189897299445,72.3092156259745,Picual
C3,84.8397244488652,24,20.433707880756195,63.236795928682064,Hojiblanca
C3,77.6966109056968,24,20.316242216553274,64.45702769229023,Picual
C3,82.79617628930876,24,20.160142683459057,62.068757642429006,Hojiblanca
C3,91.96497079632393,24,23.047132664157356,65.82639308536938,Manzanilla
C3,73.24140424335488,24,18.82315089455994,69.06989126620205,Hojiblanca
C3,81.79303672956436,24,19.068959879947858,62.32653954474486,Hojiblanca
C3,80.93378573815154,24,18.795317784852177,61.75250524208302,Picual
C3,81.95456422847155,24,21.23440160702012,68.75798967014151,Manzanilla
C3,75.67986695344791,24,17.690259917813762,64.02020529696745,Picual
C3,81.87448754512562,24,21.685277473311405,63.00757577564404,Hojiblanca
C3,73.91331434229261,24,18.288236743007687,70.74397816157213,Manzanilla
C3,75.13928604400832,24,19.15808625806301,67.15927744519342,Hojiblanca
C3,89.82793831066795,24,21.436432322777414,64.20444008554807,Hojiblanca
C3,73.90338545928736,24,17.13288904614627,66.41506371935073,Picual
C3,74.75685397555507,24,19.25327529242028,69.70733004358773,Manzanilla
C3,75.99761364023848,24,17.838582147614414,63.07853442809544,Picual
C3,81.26060225894787,24,18.73771348461916,66.59148003511628,Hojiblanca
C4,77.52999545555556,24,10.328750924389116,73.49555718014648,Manzanilla
C4,79.23189441558038,24,8.193605942841918,80.14677425400664,Manzanilla
C4,75.7461236150206,24,3.4074718833037787,86.01530030280333,Manzanilla
C4,75.4551370677767,24,17.351051920993378,70.39832187840659,Manzanilla
C4,76.48647621476506,24,8.445354772337122,76.8414053649096,Manzanilla
C4,92.15573388890007,24,5.128005570370162,81.46731177169022,Picual
C4,73.46802318757408,24,7.640811302573401,80.94662823409699,Manzanilla
C4,88.15173835935644,24,15.22471031461057,69.71328865046026,Manzanilla
C4,81.76015932086932,24,8.369821263604708,73.61783647366433,Manzanilla
C4,95.00870679864964,24,15.621297334129824,72.92607415549969,Manzanilla
C4,79.60244713046964,24,4.047864387683103,77.20463831230076,Manzanilla
C4,79.46789984802635,24,4.281249174948455,84.57011232749923,Manzanilla
C4,75.8538963402404,24,5.643901310260773,81.90900189437197,Manzanilla
C4,74.77801629478594,24,3.8095518226961973,83.02338023932882,Manzanilla
C4,63.08806778795337,24,7.982546944935016,80.68041575191471,Manzanilla
C4,82.8640197793623,24,16.501786730501927,66.61196092468901,Picual
C4,88.54881725538104,24,2.773215327499308,85.68658102523833,Manzanilla
C4,74.48027689647515,24,9.71092904849775,73.35073781459448,Manzanilla
C4,75.9391316843322,24,13.368362645541977,75.70607133355293,Picual
C4,84.77406137728698,24,4.988168053317889,79.87731794511296,Manzanilla
C4,78.14615183133982,24,10.760663891361181,72.52640590723114,Manzanilla
C4,53.52171359536199,24,17.845986115867717,64.46419555866063,Manzanilla
C4,80.52270156757963,24,12.638420647997993,75.85920769749805,Manzanilla
C4,79.51861502292826,24,5.3539464135852635,81.53165474057889,Manzanilla
C4,37.23684415632447,24,7.963306204351185,76.50198018320339,Manzanilla
C4,76.00513086645094,24,5.498713546879195,79.97303539289052,Manzanilla
C4,85.39315021644919,24,5.0551482919699975,79.57325723140077,Manzanilla
C4,74.6784166933416,24,7.905226969724299,78.03534793113589,Manzanilla
C4,78.53791012294471,24,2.7441750974982124,85.67711690584119,Manzanilla
C4,73.45708915314924,24,4.953826361013878,76.68831071697427,Hojiblanca
C4,84.03268056345205,24,6.757226044751796,82.35927313215183,Manzanilla
C4,76.47365199026758,24,11.14837545107995,74.38118280054195,Manzanilla
C4,79.73566213805269,24,6.778148792694989,74.83661267659741,Manzanilla
C4,79.57232144972306,24,13.182238775200965,70.5019630072718,Manzanilla
C4,79.90591484922699,24,8.107605536627943,78.38427317486689,Manzanilla
C4,43.47842462301753,24,7.323266994049656,74.88685062899059,Manzanilla
C4,96.28779338076446,24,2.4707010024834517,80.5181138649129,Manzanilla
C4,78.16243788880558,24,12.408027374444831,68.50543759657116,Manzanilla
C4,80.19149275619415,24,16.987912113337313,72.49698303567331,Manzanilla
C4,80.44195337882294,24,14.553590455621459,72.33830970233055,Manzanilla
C4,76.30138282967245,24,15.499432900922656,67.08825920945283,Manzanilla
C4,75.11431161240623,24,4.34745616018761,77.47340304289567,Manzanilla
C4,79.11227812994001,24,8.086635747523355,74.65019269660229,Manzanilla
C4,87.48531221710721,24,7.6788599703722795,75.48314659877309,Manzanilla
C4,56.13044867604435,24,14.513398613521135,67.52260362156083,Manzanilla
C4,81.24455622038184,24,16.964428217484503,67.44338465163696,Manzanilla
C4,76.62110011618961,24,13.827583375452928,73.13990353110795,Manzanilla
C4,89.76249248801233,24,5.614388984684913,74.7332194167952,Manzanilla
C4,73.67620196747899,24,3.8334008926438283,81.60875041466804,Manzanilla
C4,75.240524364082,24,8.413043515402794,73.25845324328633,Manzanilla
C4,95.90178102376252,24,1.5949697657356623,84.134184339081,Picual
C4,73.5037137234783,24,14.977024045723994,69.89576532823517,Manzanilla
C4,94.32533763229208,24,1.2185258859922001,86.04211879992175,Manzanilla
C4,53.84447719598905,24,8.900089226273197,77.23048470668043,Manzanilla
C4,74.25117797590923,24,4.633397899547095,83.72446987671013,Manzanilla
C4,80.08151946634666,24,10.610513111833708,79.28189358100151,Manzanilla
C4,57.48880318938346,24,13.367407108641059,73.66553798931676,Manzanilla
C4,86.19885193063013,24,5.15654193112341,83.71868259859353,Manzanilla
C4,73.70296115754863,24,4.093067810107836,78.52619115021825,Manzanilla
C4,75.51574379647248,24,7.428554904972,82.50938018132226,Manzanilla
C4,90.38202303778134,24,5.503719885977942,78.9757406349524,Manzanilla
