X1,X2,Y
-0.22264221809003687,0.1212298800652204,-0.31460503751600677
1.3256587436158882,-0.3561548891055803,2.5962130081683528
-0.5709700155939903,0.1546409672427811,-0.4056355054641936
0.6682492033245395,0.08859708295860436,1.3528928009013519
1.145381016005768,-0.11310911465248447,2.3613913447491304
0.5873440606432258,0.40782286046224026,2.89807929101213
-0.05144328568404452,-0.17108162505731814,-0.1124521326248682
-1.845047935220497,-0.03662062332910534,-2.069664269095317
-0.30722035873874054,-0.16456281136113896,-0.22185316876385364
-0.011760558563476103,0.0626886117706969,-0.18421164397189305
0.6354392587250425,-0.458257383136555,-0.11470574342844009
0.11328912291362384,0.04983189573189828,0.737347870762455
1.4187962684753008,-0.25186665865744967,2.183753911764593
0.7994158749044797,-0.4463434539321197,1.6235337214300998
-0.42757955981790513,0.4555309196593757,0.8963362592600744
1.534688091847243,-0.08141401041775442,1.7442511702426624
-2.227358762753351,0.055002634629953084,-1.1323385808438464
0.2824153178204923,-0.13994514476003803,0.5811730927915528
-1.121550382420783,0.03769940619446059,-1.9474003433957081
1.300869672047317,0.1539946662066825,2.5505958816291243
0.5127411241076283,-0.039531095641365414,1.8596330577169382
-1.0619931895876495,-0.10323185634793784,0.29096060328547757
-0.09822516593712642,0.017612463271088803,0.7614293076429286
0.38922566427511734,0.049530411851862376,1.4072621402091197
-1.955356758311971,0.34159069032737066,-0.379346915302657
0.33735625298355515,-0.06709573289725741,1.1941301610686765
0.4774283400135403,0.23453216978900177,2.7036572847158697
-1.103274772026417,-0.03910438746367598,-0.09241277367683612
-0.4987142445097185,0.36218472082957015,0.8285424131090408
0.9157944005481301,0.01726832331092551,0.9883694149657555
-0.6322515360225511,-0.16484793684325416,-2.1335738852125754
0.5234360524859668,-0.1272590252444553,1.3710596847052985
0.38268978365029754,0.15221163954673356,3.007033911573563
0.17817511612592832,0.011969152236203047,2.5358905333296407
-0.7558183913351447,0.1976381404419391,0.030603745519373504
-0.8296142523177534,-0.06838688725702254,-0.8699446163586337
0.5459635480957841,0.00958345287042877,2.880212675363093
1.2912121200780178,0.05773957370357217,2.4298417764070974
0.4968121183732832,0.185973320025115,1.428063286304303
-1.2367374095049246,0.10351500694118539,1.1849175751574077
-1.0287756709849303,0.055567994598708606,1.6366428631157892
-0.38786421157801826,-0.04114267722340955,0.08182846370290336
-0.1647509901863096,-0.18930613166093258,1.389827340886597
0.02794132743728716,0.17152478746477381,0.519293281033714
1.4920739107730792,0.1873962189395575,1.9956345994513232
-0.892805041053589,-0.40639311031979,-2.0456776448948792
-0.40397156469523465,0.10074137826388184,-0.04041148094907121
0.3705305623177702,-0.33448333626868865,0.9825338955180274
0.18221168659137857,-0.1475798946025713,1.0100968854832804
1.3557827419519035,0.1664275922580047,3.4970050588515855
0.0660234672857708,-0.13666157845987403,0.4185434673761679
-1.1478358590065822,0.3501245206779475,0.662578839755003
1.206312917156162,-0.12872424063519702,1.8752132864587934
0.2937866356611046,-0.11419791630167984,2.540718787128421
-0.24608568336465753,0.07976532729943692,0.656949914837862
0.8623497917160607,-0.10143827931244564,1.9188553526899683
0.9379011425848165,0.2494136074116695,3.6893451753238233
0.04664652757399442,0.266968921011516,2.6974417331766847
-1.1883237206003423,-0.24189022985227143,-1.419379136874141
-1.5258306123799896,0.19115496428038983,-0.7116439744044896
1.3382681484315946,-0.4106411126023871,1.526087462926946
0.39615042463260397,0.11921308346796373,1.7864236262217057
0.26957478433646326,-0.09585103391150898,0.8830992259492778
-0.2620980203309429,0.10414352709713626,1.4733740619833404
0.5482198177867346,-0.16944730922922402,1.0131463716273614
0.9666445409895538,-0.08364783199197685,1.0453344107621683
0.44183476982685793,-0.03414177997437899,-0.6849390037465033
0.7874646177201905,0.39861780182946194,3.7199894215406655
0.011352011986533607,-0.07816847922761086,-0.5531823174322942
2.3672331207272346,-0.21124583119204524,0.6728331297620334
0.12145768940886444,-0.04424100059596123,0.9672412016612046
-0.12243636865409063,-0.009362793903320439,-0.9195735615889328
0.6135669572471146,-0.07922710591561316,2.0800064839399806
1.0501270005002792,-0.2852019454953561,0.0958649354493295
-0.2186985384361602,0.26790550379180056,1.3545575584666876
-0.6121424583611852,0.10957528385691484,-1.5424748512923352
2.259823349004161,0.11926149717960266,3.907803586061615
0.9753005981039773,0.03088740944173743,1.7648203839528989
0.1307434239325589,-0.08617833896238129,1.951773289066938
-0.5267301594164384,-0.300562784823607,0.6694419318654165
0.3723544436755603,0.036861530590460205,1.7794192250396168
1.8033260542405138,0.499084238712558,2.8070429775569083
-0.6847884038970536,-0.23452425744819483,-0.23878460914532612
-1.7680519425282675,0.006749793627350064,-1.65806457082966
2.3778141248549205,-0.26953535308011317,1.9353356814626514
0.6458368380722304,0.35584344262881634,1.7022181600135122
-0.63103471855394,0.4863117877919395,1.5801003250017818
-0.28446738168782676,-0.27466218328407327,0.9173952119083238
0.6495198746973563,-0.10350465915638805,0.5597169482206835
-0.3879773193569066,0.14385396333147207,0.2853326372355989
0.15729907563419324,0.40247117007214134,3.2277911681839857
-1.991795368531327,-0.2742193408681259,-0.934828514211087
-1.0524393355408017,-0.07603086855096042,-1.964538096772822
2.2772413535872333,0.03648472854101822,4.959175231179072
0.5745862072630571,-0.097972960698588,0.7029729781988326
-1.4788220564351562,0.16198052193036172,1.0560141706780064
1.8450427217452359,-0.019526745273515916,4.482406610895999
1.3713579457622542,0.20643911790854289,1.4801487771679538
0.27659512523702945,-0.12565306014027397,1.0252085164763665
0.47136372913445307,0.21262290116805668,2.225026123771222
-0.5195347902132699,0.3172311387263784,2.0797638876379954
-0.08841381876893614,-0.2213483753389395,0.7513657220067005
0.4567933456928024,-0.11455423328932575,2.6648760287901636
-0.35787419690736016,-0.3761269563274002,-0.8387786890395614
0.8406999445938967,0.051965294017556965,2.3784572956058265
-0.05083840130118794,0.2386619023038823,1.3931869671665271
0.2921368804452703,-0.08135887736504051,0.48150347679131666
0.31563007268219084,0.01395269109058332,1.7754306213769364
-0.01298810820836452,0.04582825636089144,1.6438385601604826
-1.0856336502358988,0.11115979739361193,0.15255681710729438
-0.38742107233532613,-0.0837808593324424,2.797361287607993
-0.07963619757780559,0.2625860053233485,1.46297976270123
-0.062478631464490224,-0.2343494241194185,-0.79122232491225
2.7269218032422824,0.4897593024699938,5.048955919016292
-0.7134865069239421,-0.0558222403225506,0.4415462322850674
-0.5034618152983026,0.1526452087444751,1.2048098511339393
0.9808834193996563,0.301112112562,1.9935992122957935
-0.3149847044859056,0.17397238703191,0.8760036472322503
1.1165858032690474,-0.10247904518320722,3.1002912227009403
-1.5884338408001168,0.011033609405636824,-1.3800632069299434
0.1431963181383637,0.10752766780038292,1.3042632049308878
-0.5725982272975843,0.4707335465992262,2.2220408079806653
-0.9232872054444614,0.1110575475134405,-1.1312436444003597
1.0649090954520029,-0.12551604957047716,1.4894161065361327
-0.926312512417347,-0.17891463153287548,-0.34576916288662274
0.5095862322021475,0.013820840198954654,1.6725848436718822
-1.2485649719763416,-0.2615964543040295,-1.8802050701838768
0.7140532491105241,0.09701331349123136,0.3502634173445902
0.07162525673240139,0.3500025488536788,2.4566591077307764
-1.335977256306314,0.07369919659422534,-1.331408605820949
-1.3911405923009568,-0.19747528045746032,0.7154005203636282
-0.07448202456171649,0.08102977054597425,0.9895597967812764
0.17775828737376062,0.09381811272392676,0.3857617181079753
0.3911677218007999,-0.040615281897004946,4.106951975139248
2.3273457614096684,0.1047252698585745,4.392586671867952
1.3639317114174534,-0.053930557175558,1.332641467028194
0.9077123085059002,-0.07787260784795841,0.9263491231486528
-1.3590285552275212,0.03215989534707026,-0.3219298704950325
0.7000236307599731,0.07878317362767649,1.3129822678983
0.3840020948398534,-0.01078376872335147,1.727328821541456
2.7230432152464985,-0.15835335739409606,4.966254745896037
1.3273670198905327,-0.4955058549899458,2.348423563119164
0.6979747699769677,-0.27251134204383026,-0.3414247964521413
0.7854771089076914,-0.026969938469327787,1.3455867215590198
-0.7814948067009624,-0.35452102685627024,-0.20832161965386897
1.115912856116264,0.08902671578103434,2.315380886456553
-0.6634758024882222,0.32546713490820967,2.551465155740004
0.534918188647584,0.17075952074935719,0.790707886007638
-0.3653732510541888,0.21403665968531627,2.1939412989916933
0.26609353357654936,-0.18942684798073972,0.1541757260794544
-0.8161267989653511,0.3884909159125107,1.6673702074708947
-0.26435796307864756,0.11419599991642362,0.9313569810208113
0.1917278899385596,0.32913995382693695,1.5415270249585595
-1.1325011511307224,-0.389034756446901,-0.7153737230480064
2.2218385750502456,-0.39235813229505,1.9112205370247237
-0.9630318149409366,0.1335198636968306,0.8207572555996299
1.2724052872135247,-0.04253608652122748,4.929894560623085
0.37973090041408436,-0.22405671517097497,0.8087613800795975
0.3222882357471593,-0.4084137725064917,0.2646475125918656
0.5802164871512147,0.0609036524337665,2.574128261501238
-0.16730569228942954,-0.030988448919435613,0.30722720787455576
0.74066924934138,0.23549934896111713,3.2425191557064834
-0.6731539145884754,-0.06596967410188058,0.7268453066336474
-0.4530127231616689,0.06621726706853046,-0.4325507722683062
-0.7008982248536269,0.25142269201728945,2.153355221198011
1.6680350023710313,0.025799291594526798,3.2004583545420227
0.3461448350037873,-0.13506466714840584,-0.3246468742198705
-0.014178407811134646,0.3194391424092597,2.6562638080249776
-0.46887031838842075,-0.04007324597636977,0.14713068549881075
0.2948160005723433,0.15665100096971157,1.5102242012297082
-0.546594537651486,-0.04484029837297182,0.815400721768772
-1.3499110639754652,0.2862203398541013,-0.8545909851817177
0.2884418058912068,-0.0024783037581241254,2.786302033984388
0.3770804997756252,-0.04896348415573152,2.0712250986219165
0.7417486485198924,0.1849614962301146,2.887698881832643
0.04584248587390956,-0.017922499799281802,1.169285283463289
1.3931992408743694,-0.22539325762576082,1.7404313710622172
1.9603766636994633,0.21425459875848435,4.201632763197222
-1.6113743913089977,0.1152267028607626,0.40515494772759614
1.5640392530046157,0.11159728042937936,0.83628065262107
-0.4142670185778806,0.2102012777438519,1.2146869359195287
-1.779483695327479,-0.005163619702716396,-0.8199603436744266
0.889295093516176,0.1420468856888114,1.0272864525116152
1.3456365077394372,0.09630238784602857,3.491695520595229
0.7194515960450042,0.21913668712253587,1.4627611674786878
1.9148116935763548,-0.04128626066713207,1.7131702083387939
-2.283195748014795,-0.20628883285196076,-2.5213155155708318
-1.9914477477837575,-0.017028603753486093,-0.5007072257861037
-1.206196041027321,0.019686006423174918,-0.648272009622214
0.17815642270452228,0.2743399718125982,1.3942321015812589
-0.8177882132100938,-0.0614976489819582,1.232421215940794
-1.0519347977919375,-0.11517570492384539,-0.7662887921180142
1.3369992234435948,0.10825518841420903,3.0891772366100576
1.2412288723002765,0.09360587916273985,3.334430654112505
0.48826481017724266,0.02335822212979892,3.7355331314103077
-0.3699995433788877,-0.22353496646163207,-0.11394964835002291
3.5027911366158957,-0.15199868579803721,4.072404123370305
1.34204116462494,0.08615358000694907,1.4919052218632878
-1.0551868603492733,0.06806271149915553,-0.641298789140368
-0.21708242899131283,-0.05033796619578741,1.2768036943719716
-0.3601209674621071,-0.09961953228426872,2.3482357764723725
-0.16168134857258576,-0.0038534495816749275,-0.4555079831000681
1.0748564061562953,-0.3448574834905501,2.622445979820845
-0.08855631680380985,-0.15316688419866797,1.5721349698818092
-0.0385741241990755,0.058817432943401415,1.4792735189518118
-1.5989277844070624,0.21745633027943462,-2.1525069032506394
0.9161338404956105,0.10117938069062918,2.5030510691439707
-0.4818077241816295,0.29467753613715175,1.7782336159805694
-0.7781031180176795,0.16197569436787604,0.28434821583325787
0.27563476284455424,-0.13365353070915262,2.821092377930257
0.9312976684877339,-0.23510131121824449,0.30246746857638374
-1.7407001009984826,0.30131478648739607,0.2780195402863205
-0.5743478187555017,-0.003391475894805148,-0.9416674875231441
-0.7244172544427095,0.0561747278601089,-1.529672683196354
-0.09634579521198791,0.000344834497429849,-0.8518708009034539
-0.002819060586272776,0.34499020528882063,2.517930521076915
0.2938140959055682,0.31247269854692994,1.9696562815087666
1.471472152041862,0.2168089883114188,1.866741680647305
-0.10885732411504702,0.11384715105174024,0.31746188221296845
2.7995361609812117,-0.07249437626980196,4.013790130850476
-0.6745659768753836,-0.3485730404483275,0.7451034058197372
-1.664644781201799,0.32653415222330145,-0.5533460609858458
0.16924818653014162,-0.00532981445312517,2.462062730067725
0.8088151431935492,-0.047396721555089304,2.979777173932612
-1.066688874666713,-0.07424002267546452,0.8128177641423495
-0.4559177112742955,0.02117018886194619,1.5868973383685332
1.8464476999272035,-0.2047450591112211,3.2047582304377293
-0.17659314743982948,-0.2586723440893163,0.7621921927238557
-0.20440125176048995,-0.17090135497592712,1.3056673313374003
0.5617570850575169,-0.293950374308339,-0.651790016859404
-0.37348819226103375,0.04280063611384667,1.2395605102390919
-0.9756609911885729,0.17169809697945854,-0.02202128452801899
0.02252003954272926,0.07836559255900273,0.32487286936819126
-1.4159342867829448,0.17734448509474698,-0.8558219943906953
-0.3515998485194774,-0.03897422947979002,1.2948385978228552
-1.325546331750991,0.10103139156362316,-0.9891057314450007
-0.40959599474976227,0.39379333863447985,3.0145607219674044
-0.3438480992006548,-0.06799126210278818,-1.3069740853994478
0.032346728404544466,0.012109210481840726,2.6544893631727104
0.8204773506522309,-0.14464282807082388,0.6588298176988602
-0.5450433411527534,-0.011604676535626107,-0.0728021725896027
-0.7376743810446112,-0.2494510034187695,0.9569844543168611
1.1429183411496726,-0.12409175229821885,2.611491216207453
0.35475657913489617,-0.1710959435718542,0.06650548223899644
-1.3146057434588805,-0.18731968836112844,0.4813681381220489
-1.0841877721484243,0.04987968479889571,0.3936460949323319
-0.4302251537046304,0.2552479942112321,1.4230299701609015
0.9938461912458587,0.013491608040820292,2.4847844150412346
-2.516790168964585,0.03241396094969326,-2.8593475401747
1.197805875970966,0.03056435776361264,3.455933112928615
0.6906622866381218,-0.2521869585335396,0.42958952943859996
0.4003677942456635,0.40495814725657236,2.1246505991933784
-0.06410203556711373,0.0994018807654099,0.6529275679065415
-0.46598226661438774,0.048126733666754226,-2.268679947689062
1.7001109149725997,0.22123676772305442,3.760318124126077
-0.5628141945189751,-0.05606645383142052,-0.17863046708931352
-0.5055122447713866,-0.028064056336904182,0.6671472988193551
-0.9050489398822513,-0.08791831173836022,1.4908148363425435
0.6243329101721851,0.17373267104606385,0.5648263674437894
0.32326709758075783,0.15859762852748155,1.1147188470648546
0.9789094242381431,-0.2060393979952092,2.700827940383581
1.432039071708424,-0.1767932706346833,1.4429174879040498
-0.22138398274942578,0.07848703092175832,-0.5780901001665762
-0.8071458397847735,-0.12497016015965852,-0.23632207126417426
0.6406723065271033,0.13905793208484926,2.3109526973415355
-0.2781028684114716,-0.07934409417139901,0.5412647602086053
-1.8325406354939584,-0.2535038784036101,0.43202332862969484
-0.7424162185597069,-0.1831678635772341,-1.0410958195234565
0.6475206860198036,0.08600608760624297,0.9878306377871511
1.9333925139566142,0.08782724477957447,3.734944830473214
0.45672382077191914,-0.14133816705257193,2.953903738886955
-0.2193978441739958,0.08354298635589855,2.134473880854431
-0.8442881808407382,-0.07776827966388315,-1.4306429370293925
-0.36216240841647585,0.1179909706249309,0.879094406044915
-0.22046318701305562,0.1060255387264366,0.979647506198972
0.37664342970468406,-0.15336982889122394,1.9086486288802762
-0.03702479945318467,0.08740838177187876,1.4971745076324297
0.13521804879540134,-0.028239151056293616,1.6176938856781409
1.7421973712193057,0.26856571509296384,0.7333603496552232
1.3006604261321606,0.06275797212976429,2.980503468441661
0.14631307955700124,0.34499288167426384,0.6925072503077299
0.3976852314808473,-0.13532885681896764,0.3187513678206544
-2.3407074201404257,-0.0659148600803071,-1.5324484956946334
-0.00362726952526656,-0.34120039093855803,-0.5305623298643376
1.2268473796842845,0.2721232585677735,3.537207297768577
-1.2040888866720854,-0.07383764610094544,-0.2798820886326655
2.565828547932265,0.2352547637584158,3.645548849349236
0.05738139227632988,-0.14800415104103687,1.1895524660699333
1.8678820280896453,0.008228046647989722,3.275661181160185
-0.645759859078939,-0.15923431872315374,1.3296811904991097
0.4101054090172535,0.22980400853508365,0.4630185440837147
0.3278582646153222,-0.5751724237694956,-0.608780501464092
-0.31401714357284527,-0.06747833539834351,0.21808921108076273
0.4772780593957384,0.29704221351350374,1.8151513991647323
-0.30310470939612466,-0.16557645262951223,-0.24321605790114603
0.8131663682102848,-0.1586294830425131,0.9209880669756645
2.9378160447177164,0.3379863991152362,5.0320755651837255
-1.149922669369919,0.0919632639752131,1.3931113119745748
0.996556394844583,-0.1270768453345773,-0.317583600266818
-2.266573209612675,0.1078775598022921,-1.08240251155648
1.2979963257713527,0.14558838429451637,1.5336651301405952
1.0365345602440423,0.03348304683851018,2.3854587908747464
-1.2267899961633761,0.09868652127484902,-1.9784564235647686
-0.9130776756859602,0.010486335259741405,0.4934671847582353
0.9608504572510143,-0.0975546303412787,0.8051489471512798
-1.0100792294112315,0.05093307005313304,0.8876289538304711
0.03511051826979278,-0.15211031377992845,0.6164344147057669
0.3032241242979143,0.20165891751493153,1.3537235477738254
-0.2809051016450201,-0.3844599668182438,-1.3475697276678824
0.11743428150432246,-0.19555675291696095,-0.42230390296363685
0.5182151500199766,0.24701727732626946,3.0348621817626267
0.5446237443745356,0.18212497280604653,0.31444487230509255
-0.7679579495043076,-0.08416365096655713,0.2878940112457017
-1.7053614651622537,-0.13246446653343136,-0.9465294846989893
-1.519163339440535,-0.15356962812186215,-1.7309673528444924
1.2801569110445377,-0.05812865787146663,2.0269465939575197
1.2376560799920377,-0.04566143859332011,0.5752819647513614
-1.6824912094935192,0.055776774750597925,-1.659169429118446
-0.8703041890981141,0.01934549606361496,-0.5836465325863057
-1.3241818966306584,0.17308405923715336,0.4891633150041973
-0.44354911515397477,-0.13088488647000432,0.7098357262538078
1.1721509064455038,0.005930744917114769,1.6733360861287834
0.16709535003712608,-0.344060890269774,-1.1637427433871446
0.2702532234643008,0.2835160432570822,2.882798295574261
-0.7350118203142261,0.12658945372784375,-0.4770487149976199
0.9253406982151665,0.15635965803604523,2.40801712335223
-1.6932545105244532,0.17797564285965928,-0.9727878220034037
-0.7608427805943647,0.004588351164410145,-1.57458548307869
-0.19190704297734296,-0.045658376094780115,1.3116645802819669
0.764222148491712,-0.1465403390334086,2.0000353847008396
-0.04141734856540093,0.4645070662451981,1.6416606488684968
-0.670302365241805,-0.07377325531661709,-0.9495633107027808
1.2789478371129157,0.03723354401565989,2.0951577968749007
0.8342443021081066,-0.2678402467339985,0.8169463378337039
-0.6305876325149938,-0.16890709671670415,0.71412636482229
-0.7145246794876422,-0.0739656327053713,1.824354534877283
0.40240928170925494,-0.07820027364220801,3.135711336023271
-1.505122535133707,-0.09153596382660927,-1.5906530074994552
0.7523938807569215,-0.019551432910211698,2.647760812054371
-1.5166013551821607,-0.17954936858954615,-0.5401708561282221
-0.013721294617056654,0.09972520767907507,0.4400849810611296
-1.2345889704536825,0.07644557521381773,-0.620570211596651
1.1698050233955526,-0.20439281483740634,2.691764090482515
1.8680237963751614,0.03035539279987126,2.1321980454530505
-0.3443622038379659,-0.09083721247148104,-0.3890270693915927
-0.08292788219820742,0.05365254715626853,0.7776677089830251
0.3702146982917491,0.30879985954396516,2.9505443310102057
-0.3997904734009546,-0.2983630097836805,-0.40720296827387537
1.909734615786602,0.059860483570868345,3.542741292796339
0.6901985335734871,0.01955108821163604,0.9046835390535819
0.051201098253724854,-0.12291240995689573,2.29657478659969
0.7915149134742182,0.06337590107793042,1.0775218678891263
0.6130176463824275,-0.4101447215600833,-0.4605836385409108
1.3731166567417668,0.2261684874301455,3.2146622557961124
-0.4143310757864958,0.15264793437134971,1.3062892289354795
1.3208319051795652,0.24743780309405083,3.9268319362816353
-0.901561694712121,-0.022977786060742883,0.5130443404184467
-0.8672258536413568,-0.0903922329804259,-1.5532113062498172
-1.1027086259187,0.3428035531681142,1.0407706497335774
-0.4136650126546711,0.11280148808215401,-0.9441595204043792
-0.027366116145660594,0.3428659861269344,2.875507672015241
-2.1276524010199602,0.17143724379250883,-0.5023624026921696
0.2246468032323032,-0.06733008765751936,2.37116507699833
-0.27364638601177016,0.07228206855791264,0.6658451824107439
2.0924149189190557,-0.1980960915561888,1.482950290238179
1.4686796596254128,0.004793777808853893,2.985446444886387
0.9020392934832518,0.16060735356763514,2.049181112879411
-1.1030969246820077,0.1325655952012644,-0.6297009108165695
-0.2833236437515074,0.0879784917108266,-0.27823045556973025
-0.12053138813064063,-0.1385066052525106,0.8727015960961166
-0.008807876277223231,0.046319358952731926,1.7111512842710843
0.20572309902441965,0.08061490765904018,2.4216954370686237
-0.6161237023319145,-0.24273174241290174,0.688776315178094
-0.43556024336407423,-0.05317796160417542,0.8029208706276458
0.39585528809248677,0.17422059724474492,1.5995685339649397
-2.182063069555364,0.2322678857559406,-1.794879481914259
1.8390144365359957,-0.05573497912707002,1.60951234233512
0.15051561574865102,0.1357737042892678,2.945063027979944
-1.8978031543363112,0.08578386778601749,0.23743772934799634
0.520472036737272,-0.1915564272441509,-0.5468514657393422
-0.2011111368951964,0.15140802589951963,0.8833562948733205
-0.14350374359181609,0.22205726639562084,1.5225177105959824
-1.2650276301494154,-0.2952258820831706,-2.3812966019985105
-0.7717186760038469,-0.12647040858600353,-0.3604805781381203
1.496040358128094,-0.0017244527042143045,3.39596731145389
-0.15113743727940301,0.024432981705413123,0.8918618139130965
-0.5924540181802541,-0.1904062969856521,-0.6207081585530247
0.792249643655954,0.04825931842378027,3.2609195190902334
0.4986021182564008,0.07667865772877194,1.7994997844783835
-0.4327026451811486,-0.07549164564260369,-1.4892864082718125
-0.17762322778577408,-0.05683888378633145,1.276909935974809
-1.0062575350435752,-0.10771617782853267,0.26646305928840797
0.5569723903297243,0.2653742907014097,0.3416984040711448
0.4306361261606438,-0.16292656298974817,0.9755227837643804
0.37461719232316104,-0.07722325417853156,0.9893389309507115
-0.571539069997246,-0.17468079994342184,0.31779867541237744
0.22409401724838574,0.016988797535491745,0.5254145231586621
-0.7709344415267855,0.050914290084948105,-0.583521982307534
1.2013802211500657,0.3281259352642618,3.0632568611116344
0.667113250956117,-0.4279539124521768,0.8993087109875543
-1.3679144861577153,-0.07050738946838365,-1.8196303694996145
0.12372894420387141,-0.028590795668297392,1.2616936326146473
-1.7738518008199131,0.1786255171738427,-0.32055950580829823
-0.443777630060094,0.03724213571273657,-0.14964390373083003
-0.5766809736326486,0.25617894519603485,-1.1956512848751202
1.055434566347829,-0.297875788451006,2.149421528218827
-0.08076766758760603,0.05979411007923762,1.2504534493899484
-0.7466372494492256,0.08249470789686413,-0.5469328070371381
-0.3918588961938459,-0.5522363032328432,-1.2383823175565138
-0.6431015893238721,0.30807767041757655,3.4477591692455465
-0.23030408446179493,0.12947323892526816,1.3258334808372143
0.5371714566821799,-0.023052335222285007,1.0994382852485498
-0.4876503473666887,0.05282690916613201,1.6556650243029138
1.16683384108838,-0.01927822575209959,4.274748279946037
-0.27751223523280116,0.14216172386260661,1.0650717513557661
-0.3994447125782533,0.4014457768122439,2.782700428950295
-0.08020199442923993,0.42895200401273226,2.715733644034723
-0.33180864470875,-0.3121512012458146,-0.8172972886887927
-0.039335658786735776,0.3681446823309976,1.647486794482918
1.1903419448715533,-0.14133182037911052,0.8524852169676956
1.0101103090027275,0.06312899757004013,2.552469902287256
0.5232168345845217,-0.001225144009445905,2.614754116802991
0.7392021804169628,-0.09770410543690151,2.850014949464528
0.4061501927497123,0.1812717018208041,2.1302397016038777
1.260440270882422,-0.4186456934132754,0.18932153724836875
0.44176397558446,-0.13131658095874246,0.07362622043012768
0.9497198018062724,0.09675546518444116,1.1164933157507992
0.5950932577900772,-0.3912129487693824,1.7788388653888711
-1.3602986921049354,0.3243840487244093,1.877036793756871
1.4332740551538012,0.1722708944069128,3.273053774323175
-0.5513209452790989,-0.13410581735867486,-0.4835788629309307
1.1334577678343138,0.22803090574232168,2.315946175240036
0.5844205530887979,0.12890824351135208,1.4162150567966891
0.8267039058164778,-0.1104504187266615,2.0714757688722605
1.9533193423875492,0.23862196536885355,1.569606498863656
-1.449200822439959,0.04936884894204139,0.28528525503868213
-0.19674272459200878,0.16896236080729016,0.6976681042710661
0.1688783596900537,-0.134758718129908,-1.4273736012526204
0.09807845243894169,-0.11141089983292007,1.1811030100047337
-1.9505421361668513,0.0872719406217352,0.23399694076306143
2.1735017877327056,0.19063504409651358,5.209905970391609
-0.8601951925553551,-0.2405578245886804,-0.12485209353043392
0.11334090756717342,-0.005588451868922065,-0.1645922774622497
-0.5261197346555537,-0.15501880303144977,0.18678462176256028
1.5278988458572162,0.06095379338165106,4.156534279636178
0.8052349954049476,-0.20208945783878912,-0.585685219203252
0.8539740669476868,0.026190922214182667,3.6726996496502426
1.6046464890147913,0.22560332513590375,3.6558010541513544
-0.9005114345347781,0.21901605750527375,1.4974080900458695
0.5938314709492776,-0.09084832359751076,1.7813705512942117
1.2435716752980217,-0.022005376450720888,2.018388855868329
0.07303948895590656,0.22119558888387708,1.8530536929269825
0.009825730733413078,-0.01170449007957028,0.9725468254745215
-0.32662748374734646,-0.1165419386206606,-1.1230729449568437
-0.4559225403095368,-0.30743029191629706,-0.5288340915960971
-0.5393609272305364,0.3289501737762326,0.3780004994495214
-1.6815439719053757,-0.27210688150323115,-1.6504764790609614
0.23210102176869965,-0.06208062606292493,-0.5831724983438078
-0.22018067497544452,-0.0207677047197473,0.6988067668645858
-0.8352448839976917,0.007456610379754672,3.0605091089388208
-2.1226149418191986,-0.17151708056895631,-2.1627251491961106
0.033332700551745836,0.09875640716907794,1.099299339817624
0.25671090345794395,0.10220890607754954,0.2636063655116798
-1.302889082079945,-0.04114645844545814,-0.6006119997756691
-0.37748293995470933,-0.06434566858475836,1.97693099305251
1.2293090378627747,-0.10291444959700513,1.8918637576258213
-0.6494252870152922,0.12185066971848575,0.8376752529816713
0.8768675276755442,0.6550566869839323,3.8345117984832964
0.26336631417297734,-0.04198419549246212,2.6646122129290597
0.6842345580532264,0.14122667557704413,1.8067033649896282
-0.3758638724209911,-0.18925352775884896,0.2403020193851616
0.5903132060425528,-0.5084577345349213,0.9515438983336851
1.2056542099165837,-0.15599678783112272,2.2614231189009955
-1.3331985819490597,-0.16651989064255768,1.2558952778647268
-0.1944623585499984,-0.16315399009325524,0.514802991659865
-0.08005699518025922,-0.3060935456747838,-0.0727871095670494
-0.21799921500329364,-0.13197971258781072,-1.1428124432346436
-0.1552508913745952,0.11376443209144962,1.4539597238803168
-0.35732729010999964,0.1291201623877513,2.6146887518111996
-1.7157154399608945,-0.15608775431297317,-0.43509063134817916
0.7931890927207461,0.1589276319314118,2.388298812980538
-0.5359566806331634,0.0651611351227077,1.6649701640263297
-0.9698875522059369,-0.36262994310069563,-1.6197342206129846
-1.0193451819607096,0.14778801022036653,1.0402575827384786
-2.0681796054911903,0.14980620758160132,-1.358059126267971
0.6287415948318937,0.14619721331591604,0.6027485502435102
0.6886755576078054,-0.33290036962303166,1.376815203777522
0.08366001001212682,0.18830482039100094,0.479242181468152
0.5297565021729501,-0.13608749169566156,1.1343821102186185
-0.9477562533642773,-0.1005562623879907,0.003956518909553897
1.124313512118849,0.28085809964453995,4.121888603079026
-0.753748134961192,-0.04204666099047604,0.9967876406223879
-0.2449276851480494,-0.16353393424865834,-0.5895927183040226
-0.025223472844884624,-0.356337238764038,-0.3806752055827294
-1.1094951677861813,0.1077348751306734,-0.7676888892904984
0.4576474117262313,-0.4735038716255572,3.5148094304382225
-0.9124699787863233,0.1412099296323452,0.11261299759745486
-1.577287528354447,0.13335806803793643,-0.9213589280417036
0.5416726500364073,0.20131133958618516,1.191099179654349
-2.235438862739604,-0.11811251170931499,-2.632566691203782
1.007858901230646,-0.10830563480155814,3.2184468283519454
1.317660476222257,0.0684797438349218,3.3435654718477434
-0.7440608439775032,0.4144696762323061,1.9546278228164788
-1.9117247004703941,-0.07924369527867023,-1.640390312021458
-0.12995638911231813,-0.20984589674976017,0.16861778704690802
-0.03401256362327433,-0.18484134263641694,-0.3785367935727728
0.2874150330707108,-0.05630796306490036,0.5659351006791843
0.24982339118942662,-0.1063020798498654,0.852011634421326
1.4006513242999667,-0.13168698357427697,3.6196115422565724
0.08212180603780918,0.03943075415018311,-1.4694374070376153
0.3675742208260147,0.02653768381221687,1.316030733184954
-0.6867026042870011,0.05670039570955881,0.8817182434496746
-0.2760891588370923,-0.40697095681092554,-0.6505420545426467
2.0682692345651144,-0.09298496021016382,3.32867448282301
1.8857042285875973,-0.021733391566687865,2.7508817969437245
0.3026077818751321,0.1371900127065785,2.1298703873695253
-0.9430878424559317,-0.0870232540014717,-1.5582056556974961
0.9937445212549195,-0.13983884978962843,1.4439476695219153
-0.8599069376490949,-0.30741731166576014,-0.8834275808380376
2.0249969262933827,0.03760891526076785,0.8025341921499853
0.20230559099955384,-0.2667100907218993,1.8887254370763307
0.34940557153275775,0.03356818050021229,1.0523511513305417
2.086309338111536,0.365617154400511,4.11950396585351
1.4355122953148722,-0.1819911015208712,2.6511227926689713
0.48731280839360497,0.03999344494300611,0.4736647125762141
0.45016870702000583,0.08533270872726467,2.8528713864279953
-0.4830616871899859,0.08281087305936848,1.2364306423812788
0.03790405441652838,0.25420434508095846,0.9549877069076252
0.08003537449586309,0.42969884416740634,2.30175801700906
1.8106752205853829,-0.04457615986917922,4.741652386796348
-1.4236190157200188,0.22337808544109256,-0.9071081052814252
-0.3908922718183529,0.0019300766155831322,0.3539871665323088
-0.5530817682077291,-0.04496383983755312,0.6226575305843773
-0.06803591285487608,0.17792822788399726,1.2713949050684685
0.3642040980807164,-0.19199266321972325,0.3109538033688275
0.721741926651247,-0.05840709647998171,1.353184121482176
1.0058152990916072,0.38637991310566266,2.5266386441293442
-0.07345439874314534,0.06826889660217933,1.0104471906936927
0.08554566259096218,-0.19785727384061663,0.2722266334698182
-0.727890220528675,0.38708202518059426,1.0614205204180227
-0.8861224467801126,0.0033430840553763694,0.7442931283850559
-1.7837387225199162,-0.15999134140917387,-1.0746262648900777
-1.26976737431729,0.30857771186496247,0.3825137729626624
-0.874800416903981,0.11730511033465485,1.443061190256935
-0.11565236881485652,-0.08187709788616444,-0.23734695405690276
-0.46244423304728516,-0.04148419229010463,0.33592292667933177
-1.266701208732632,0.0718376160292984,2.1416480753977036
0.647873404050735,-0.0585739036721945,3.408708806042263
-0.46410014892762474,0.1555148330250612,0.9413559827385413
-1.5902057206538815,-0.011385879832728457,-0.6411738032642464
-1.3597769332656084,-0.1760020516384739,-0.6268926581514459
1.5348338439824942,0.3705882398238219,3.6159647820342053
-0.6014904132004538,0.08249459725294467,-0.12113060915368001
-0.037869389175886115,0.3115105909798274,0.07536230724682857
-0.37478477968024276,-0.1595852162165862,-0.037813832411262016
0.8149045478628842,0.03591110537278675,1.6853047025337546
1.0173246706908776,-0.0019969856849342926,2.9709482474200892
-0.7914121013396253,-0.1586653520099157,-0.15900504873641894
-1.1109995713237042,0.38203963138511043,1.301369265703468
0.12004702763401433,-0.20478499304081593,0.39468568918398117
1.038467249728538,0.06753483905099428,1.539914502593763
-0.6362557799869664,-0.05401095443358692,-1.6160152509657488
-0.8782225116829435,-0.03412859055609843,0.915550602716786
0.5406909213262038,-0.26382636380856117,0.933900671505319
0.22010288780613946,-0.05157388085971722,3.5807891497611486
0.39755314271043435,0.1166934586193606,0.21694508384170796
1.6121626350194518,-0.3128024570495553,2.335519674004641
0.18435877608370704,-0.1157150924519975,1.199710617427562
0.880102665711909,-0.2107241323849959,1.6375026286824506
1.2995532877050913,-0.2624680476355837,1.242021691113117
-1.6880839394150673,0.23561296339871554,-0.296651319750227
-1.194617545050188,0.16429021340999544,-0.9390671674764739
-0.048894595466366604,0.11669514161999717,2.0999837900216036
-0.4546209513417935,-0.06746738208167434,1.6492061769924478
-1.0092678327281457,0.3640393653893892,-0.00045385027373068265
-1.2905775213120214,0.12038916864632972,-0.2583656927701702
0.26724951076062814,-0.01817703543472641,2.105430596237497
-0.8472593305907336,0.33684962916027916,2.6906285886343424
-0.020334999579459997,-0.09113418623741273,2.2553392516601294
-0.4614879750427875,-0.06435588162608102,1.0038155164979723
-0.4320298338814041,0.05150990957551649,1.429587621978449
-1.1633056258628722,-0.06445457402661374,-0.48355733154437747
0.9167076631305467,-0.004820695719946034,2.269022301975453
0.6591165400657598,0.172584985790063,2.581126535181305
0.007454518387310187,0.026186464760358266,2.9735978265902947
-1.5260389051213095,-0.07282459814672358,-0.9831132026455864
-1.9698763581583507,-0.14500681983448013,-3.010948421334377
0.08195619689823186,0.28955428119285725,1.659323881573785
0.7102722806584711,0.07404925885068558,2.5145399621084064
0.13738014110568103,0.21816640633890563,2.6345251599546673
-0.23238319933335042,-0.23409531078331908,-1.8596988939964485
1.0316938809531968,0.09753893568698324,1.8744335957007683
-0.5788613974431718,-0.1267042206243096,-2.205619803121958
0.45869041216540135,-0.34690015120271206,1.8819673355793465
1.5919276037985977,-0.14446671915428588,3.3629833898960406
-0.8082093130539658,-0.055236019535487596,0.6402418604266076
0.47376320757576135,-0.3673438277822849,-0.7687522236480973
-0.7560221293030334,0.39428531553168006,-0.07609156211918222
0.3282779234625248,0.15555946794136957,1.3489460494779932
-1.5748977139381157,0.015992636634989295,0.907973010098897
-1.1738440002018578,-0.08935832249657899,1.0088056138342685
0.04441470676192799,0.19407355423980824,1.1042744181976238
-0.04112944983641594,0.05893882502909292,1.2570937985695319
-0.49724322503829144,0.33189995903019054,0.47498445146424584
-0.27148984880899063,-0.3908445074552191,-0.4393086204943685
-1.2042538258382451,-0.3211017120272799,-2.8431749168159914
0.5476494536210672,-0.08216930111167081,1.5729837113330387
0.03458661622233526,0.07211989022646585,1.4941178299362088
0.8132605202010771,-0.052718146535129407,2.33465886146026
0.52958566990533,0.3355671728831711,2.8148875622111995
0.9918473247511109,0.307282562884609,2.0889981148150065
-0.26837238390858525,-0.18419444753006675,-0.8874054169495528
0.1433567674768349,0.11712849232138665,0.9476913930548885
-2.1050107612329967,0.06079929708207763,1.4407378182354371
-0.4920026176373826,-0.02730289664162265,3.3253304625417033
-0.3949840992590385,-0.32826197975326665,-0.7805856423017464
-0.20957702030914466,-0.1191740150389487,0.9975379570332115
-0.4552618744017995,-0.17737455699181062,-0.9247144749224534
-0.952181493614232,-0.15147472507756407,0.8218432670537599
-0.17423580586384996,-0.12100779753676763,2.16961408703863
0.49732583117635437,0.041904690826374005,2.3666005519630002
0.8728396009604394,-0.3409869764556843,1.1585004692750094
-1.7220835295380035,0.05841144955210192,0.6894770453148529
-0.43458067677336004,-0.3348100916277786,-2.1126326546695404
-1.493481639170679,-0.28197410997396516,-0.1722186031927646
-0.12162235381365608,0.03350665490519133,-0.6529110616365866
-0.5367852666828747,-0.2935343235128827,-1.5595973676314054
-1.335635030109099,-0.24949009050361207,-0.966238344858928
1.7253519265467854,0.06305988665320682,2.9752872580668717
0.751277974206927,-0.1712273186751165,1.5140873620456528
-1.0375447256916757,0.016073478791557513,1.896618423870418
0.1447016859476678,0.015183121990171126,2.2305545165808764
-0.9472849554957319,0.2671467655570498,1.3695780111087894
-1.967240457007373,-0.1665618657359944,-0.33488719944709944
-1.3596846757051029,0.002915448752650073,0.3290391613544429
1.0954204482319416,-0.19518161390301159,1.3465285439226775
-0.35680816668362914,-0.18915971905931317,0.28855798939871036
-0.14153982126742726,0.10414709681280426,0.9529465776998026
1.6580350995746354,-0.11341113195255564,1.7932934240271936
-0.7891620360649196,-0.3120298627181177,-0.2766983708350658
1.4384671768064847,0.25084891422563976,4.027501285209987
0.5231793891042986,0.4629667424414395,1.3263779732549177
-1.7119077777323886,0.03157520801938971,-0.08219437847507549
-2.020870686151148,0.35381393138776007,0.40269888604037074
-0.884284326316911,-0.39819467023897614,-2.216988926695865
-1.8876194738215732,0.20548523422785472,0.4344225416856248
-0.48832917052816305,-0.4230889312903043,0.7773692001891416
0.003403183290465424,-0.127087692351282,1.123685220543251
0.7579152507893446,0.1520784896823569,1.0179840223759975
1.248260302937349,0.1476096532389237,2.2672103537305417
-0.7872317087094803,0.10669691360356555,0.5461499072635959
0.25983313310913864,0.05137830816304032,0.13009304565116442
0.6108328299986698,-0.0033368056157848207,0.8407890254844766
1.0226774854732736,0.1774494989827483,2.8464645762770204
0.004055966409194267,0.09605541068072752,3.3528307160719786
0.27974785290023946,0.10218315961599556,2.123799932590167
0.9344342174393031,0.03523840461571999,1.4329323293796006
1.421624944257721,0.24549557015400106,2.661511103566913
1.334630377638528,0.39224405212917995,3.5027347255495647
1.1048725087734235,0.04557644192677921,1.3033793338247646
0.6720360948501045,0.08205871616888735,1.432058346628514
0.9705120317397461,-0.4033306255410543,1.7151827479377832
0.7034838409375507,0.22000990167157602,0.26700053939782276
1.5920885546534622,0.030432115778165233,2.6168044120014424
-0.21589459532642855,0.16819618326370137,1.1946981878596135
-0.038438478371862345,-0.3758764556756057,-0.2546702444324613
0.5100045811930831,-0.16050013509133407,0.7289189740179169
0.8580724545985444,0.06880695957886472,0.7640739228624978
-1.2995799070388871,0.0690517786780089,0.21126515680635483
2.4081705392965076,-0.1372325054692196,3.224781495861649
1.7494081679300642,0.27312910804847057,2.7237440568542244
-0.041222848121377706,-0.08002072340571931,-0.05552848511845143
0.3594829814241005,0.15006503928074022,0.7022045904622038
0.8141934000149305,0.40524076774628326,2.9866401107564995
0.1654881741303025,0.36966585213097725,1.5910268485901005
-0.18779004482054326,-0.24795536887421168,-1.8382593976293968
-0.7047910160973953,0.19484589565790675,2.71284001999281
-0.40850061874803817,-0.027175354424458516,2.1473784774733353
-0.5021275141085721,-0.09106632388051217,-0.2563876139827414
-0.48195317611041566,-0.10399098746574194,1.154945982541147
-0.07772248229804633,0.2062920137400137,0.33605340000677786
1.640979530256076,-0.12857435616371346,2.381444793422083
0.4213517564113108,-0.06165852840551226,2.8195054454699378
1.4829824435564414,-0.08015371090547521,1.9993909005792114
1.048430038315013,0.002014224774699818,4.453288105857197
-0.6731939810558488,-0.24485770933507647,0.14124230502887897
-0.3928171256173011,-0.06740723620476102,0.2805962593443727
-0.9035293476871415,0.06395504659111903,-1.1319043459110332
2.3377500796034147,-0.09268515863613279,2.5727313251175192
1.1491647134672331,-0.31726214199320946,0.08895237688949242
0.1564551168535988,-0.36700446221509525,0.009076051932513957
0.21030594939403313,0.1257868582441017,0.05644092789943911
2.2920973048958877,0.3255111986031991,3.968279332820662
0.21394418242240987,0.1541079650876952,2.3939236086081617
0.08812444495401084,-0.3153406220998416,0.06343952736662309
0.8208824758965396,-0.17852447685499767,0.7291352730390028
0.22481169778671076,-0.26929106899729044,0.2782224062721953
-0.41889820240202275,0.12830953783071292,1.136270193453555
-0.006368464073954142,-0.22404244512468208,1.4706545595484206
-1.7199648159177623,-0.2740318868089517,-0.4641880272739769
0.2976406212441928,0.18073833383164223,2.068265866682272
-0.7848688299554067,0.07905606534640944,-1.0808551785868408
-0.13272693024502694,-0.08243591304968158,1.5067219591009802
0.543815834595465,0.18960960708765784,0.7553139199443577
0.0015614382978780966,0.0048422327615086245,1.0828269347913881
0.8188669207926547,-0.03202436126636232,3.9607622287483135
-1.0327972067895277,0.07519100148168113,1.306536650367726
0.6262477215293688,-0.05741377098765245,-0.25301976875397747
0.02186695145861102,0.23101587361546586,1.3876812773914602
1.1894906855140024,-0.21008526203494943,-0.8390389662464757
-0.5144380708591495,-0.24488849931396495,-0.4444205762918571
-0.5445537415446956,0.3028025359658928,1.5503558241260649
0.5081425576802343,-0.052316747599267945,2.359209039557494
1.0180956662507459,-0.1372981803694275,2.2769236006066897
-0.13979092924364403,-0.044251843741660614,2.0976638269974535
-0.6628817808942971,-0.32877684969061716,0.2044619662250856
-1.1871125034590713,0.1070924619062173,1.1351487334996953
-0.2662964041436866,0.3016467463877235,0.9540964273154128
0.9344957456933919,0.33024565039082293,2.769747906855161
0.6929269016819027,0.14901634114871842,0.1831431456942676
-0.45799413571063147,-0.10133717540667331,0.8363518612923222
-0.08845503785917914,-0.17933679954542212,0.516194248314075
-0.8400390398527845,0.0036786356811860706,-1.2352919179001005
0.6139224089498511,0.2902777526271843,5.147180539147183
-2.0736314093998063,0.05237579753045768,0.6015789942894477
-0.1121753795591052,-0.1471964087485054,0.7553505730356662
2.2006856561976273,-0.0029922886441983132,3.322039877295938
2.0796439791253953,0.42447848532836885,5.4049170175829815
-1.542767463541162,0.09841238446815892,1.1802960231384123
-1.0029042863554514,0.0013736282700000494,0.1859305685056115
0.39224947122837284,-0.11018081775384259,2.028456678663576
-1.1112779406636806,0.00016811348977845936,0.8791960531706247
0.21499306057646966,0.3981896707814172,2.044717226282518
-0.7802869311362047,-0.27349543608662574,0.43746876168793347
1.2524756177434426,-0.24708671602798918,2.018317291479898
-1.198707782141933,-0.0734197978349165,0.10291050574446348
-0.6748426155096102,-0.3784298895105064,-0.9045131675273744
0.36010617940368,-0.3323785166754564,-1.027451307354799
0.3653233912146595,0.0919579598745028,2.0580235317321205
-1.2151561511405549,-0.0223709973160244,0.7364760906151198
0.3878184735238261,0.3315245512509045,1.8098754040395093
0.18564725414379724,-0.06218547455095254,1.7459047641472591
-1.262616958686128,-0.22371875357307902,0.7157557631065914
0.35751505455338123,0.17770579533316166,0.45245063240581707
-0.6651524655806693,0.1292742016189596,1.7477614206338974
-0.4257171156914084,0.29765207940516825,1.762355439151394
-0.7081623782697603,-0.06400597504127968,0.6502046104543135
0.44752806004402346,-0.1404558466236493,2.680625820380792
-0.15225025491214034,-0.08524275637291671,2.131485673651877
1.0206270570217384,0.050073485087329096,2.1532646051282534
-0.8598075376406179,-0.15380932655234475,-1.0553005623852372
0.23415290212178774,0.003672273893978943,-0.212140301249234
-0.5293055249969086,-0.003968826422250808,2.0089419276854414
-0.6907929266268481,-0.09233820591840101,0.3595505155207438
-0.7725729627920828,-0.20136134133822156,0.07991782082044518
-0.0964627409647672,0.10911625029177681,1.0157498255549708
-0.9654505068035313,0.04539983840789688,-0.13579501247432468
-0.6186105480749576,0.0248568757224613,-0.7091645883424713
0.5950153754525676,-0.006812668449570309,1.4847062463423977
-0.2877220528121944,-0.045021722673411695,1.1775866785021303
-1.1563444359413788,-0.09621043286013924,1.206035203852587
-0.3759342636714509,0.04448322597333948,0.38380954678709134
-0.10102240543312224,-0.05401127579713636,-1.3763388747626935
0.11244754448685704,0.25931197223997576,1.2641234389415177
1.1155940283727617,0.20938309558244456,3.543883769701841
0.6776134182280033,-0.4331259041135755,-0.05194023076683418
1.452453487887577,-0.15451125820851894,1.614073855418135
0.29201079011011416,0.29187026444928305,1.9486301051079142
-0.09265202013309679,-0.19909932648830808,-2.331936575842591
-0.2195737457059025,-0.10550090787508691,1.007106573181285
-0.7571070352369491,0.24293471117823634,0.6049224565544042
1.5891253897232505,0.05349456414747398,2.048607119776342
0.25949037454546126,-0.12387507685659549,-0.27962580841581264
0.51032453419683,0.25240711276085165,2.8159777690753893
-0.44584793687334884,0.10887479219509938,0.4332538836111245
-1.244332793655306,-0.12284369991600906,-0.275360080369207
0.38401240740458104,0.3527111203931645,3.398538132166271
-0.20890675103992204,-0.4178226619120891,-1.31374293436415
-1.260031274369927,-0.22755697679565245,-0.5038521029856834
-0.14477079739154713,0.21364764027951066,0.36103154954336536
-0.10640523971673514,-0.026580927047505472,0.13070203378605771
-1.126568711205091,-0.1469048056242466,-2.053555700402938
0.12651172435505206,-0.1374328954385615,1.0244960931802103
-0.507102466453731,-0.2380688334449603,0.6339101743958432
-0.4424589326322513,-0.5292804966119886,0.5540440665501534
0.30925615262022116,-0.1444238485409723,0.5654102722215535
2.0731574859203126,0.16591212934839764,4.719688627521532
0.31418120715754677,0.15563477020602093,0.6084467007512961
-0.5106737288840001,0.057098806857858724,1.2923915966326756
-0.6417696538782857,0.0007240187252176711,-1.218449472242011
1.3041404113201893,0.07565229328475274,2.8660637118627617
0.6996772970012984,0.07050240984343979,1.8014723957074987
0.708412289260722,0.1419254940992237,2.8382131127134813
0.25713009031915957,-0.1379933243404391,-0.16212990146416106
-1.3771654065250016,0.1740242296453112,-1.598919847530424
-1.359783552129557,-0.03413122856580019,0.8941765282974606
-0.8389848509614971,-0.351443810868884,-0.04781440908769519
0.09115803092964782,0.27374264684405625,1.9230521013050934
-0.01174353703662461,-0.429097757529291,0.2514760897458046
-1.5387822475089572,0.06337142569276705,-0.9417133928053577
0.06830912740103294,-0.09215376658498448,-0.08439265610349422
0.7127673645198495,0.14928992265599345,1.8775634363071525
0.4561628745349105,-0.23644735021153515,1.1782533843236451
0.4734012932246631,0.12671306613403618,1.2032568451568495
0.19415117932109305,-0.04638496768187001,0.9986304524575244
1.1649621737360654,0.08340571587959779,1.8723317740785168
-0.14052271205214592,0.4478609951372134,1.2470770932875905
-0.6947691167122831,0.024200946549794322,0.26724464862576724
0.2966211417279725,0.11192920787775305,4.234691519802581
0.641650612069476,-0.054639944970345036,2.251571124279196
-0.5714653982614595,-0.16583832715024463,-0.10416736253594085
0.5069723588296589,0.051520409209663,3.036719032946997
-0.5360443993041765,-0.23956356267887197,1.397083219598703
0.7385000480685235,-0.13007722600645677,2.0410746494736274
-0.203359491918744,-0.13465476048556532,-0.49219222732946744
-0.31022934871928026,-0.04603019328585969,0.3950874287473385
1.5198810124692583,0.023419754131645668,2.7455188987376875
0.8584823089159956,0.03274980324382395,0.15412451258465798
0.41124485796401644,0.038644918125494664,3.2615306248850398
-1.3307703193374085,0.21463172088864005,-2.159538298666564
1.1340559126496206,0.029311658027916233,0.634598668222131
-1.1229073774317113,0.10602319526596989,1.4775384106340883
0.40186728428016577,-0.3054009237988785,1.3275416251455634
-1.5188098225009752,-0.08882336340580368,0.6600020249761431
-0.5023731665500972,-0.2641049960451508,0.6191284657172073
1.3575535762803326,-0.17337247979084236,1.8905932007029589
-0.35998299158257907,0.2920759760874376,0.10503925669351011
0.7567716333337663,-0.0990335480213132,3.262845167123144
-0.8277752825195498,0.35520854606479624,1.0119093520753797
0.8999816101229546,-0.4177140153548803,2.119314214081885
-0.5890186565812016,-0.20935871029571032,1.4250153228629725
-0.19332959944503422,-0.048082102284180805,-0.1290565942720714
-0.4595574376835636,0.1813634972901993,0.8137916397793808
0.449313886027347,0.10009727969705949,2.1896162115331257
-2.1170623433143048,0.25211880466840475,-1.7805558420802121
1.4411826597146171,-0.044899720139335714,3.8623115921082025
-0.299297351122409,0.07856567005334383,0.462390874174187
1.2387904730464823,0.05762516838712409,2.6578005772695787
0.1124178612901215,0.014983529903971119,1.5502795257650432
0.21876956704447423,0.053187263253990424,1.7343454340626088
-1.3277730236984828,-0.00018236275507053636,-0.28831599829992227
-0.11515773108509401,0.08859618275819858,0.24139417333488677
-0.34407751794994085,0.012142962442526906,-0.5814553157442934
0.6231544763739658,0.02674787213809974,1.8738950539289787
-0.63279793604331,0.004849680453542223,0.560309342729633
-0.11897953024739674,0.019164756886520605,0.6094372141739495
-0.45759610503692455,-0.27875332133712616,-0.8666613522069911
-0.9557890516942803,-0.10657026680299442,-0.8589961696568545
-1.6525064617555985,-0.08983179241873404,-1.2815147801177098
1.4643200391576212,-0.007182722597991658,1.8419565004635001
0.21009975654594507,0.22045797383162014,2.9253505101210084
0.650139108993083,0.19571619885529287,3.3050392995157507
0.511169276244524,-0.23826513117001513,1.6258240209857369
0.5576652255237649,-0.06885854981350124,2.123384511842171
1.4392019012268682,-0.191340368774105,3.2844568970056844
-0.8088295329602809,0.08707807852652737,3.2791398756862016
-0.8553299977082683,0.06700550007829148,1.5234865418360197
-0.3503033872852917,-0.11680177631405464,-0.8596284300480412
-0.23476072248616667,0.3092423508863666,1.0528532760205298
0.4333421287433387,0.2508763782506905,1.8944718880280411
-1.6057930267749454,0.05902460284032969,-1.6323264979409862
0.37294369908911973,0.2567983506338668,1.927166141532698
0.8771252263291699,0.12487445358476137,1.2512756084239371
-0.47189501406529955,-0.1129888301875745,0.7311109449161639
0.0072649136478250016,-0.16589995311581243,-0.9301476595501881
-0.5004927711617952,0.21743377812942588,0.5994997083084788
-0.5560265809361289,-0.048884238366388284,2.1010743432326855
-1.281511914391208,-0.18838744623092116,-0.9954167314281999
-0.8524621346344222,0.16162246929007051,1.0662896876056231
2.271769920504545,0.17546020185655017,3.7716857404819906
-2.689182652779277,-0.008376519233142412,-1.3599577264595093
1.8323653442101928,-0.13049882592633663,1.4216758347501142
0.3474355668330799,0.052542839475845315,-0.07855724769331696
0.43730116416324366,0.037389657879284104,1.4187526527568453
-0.22964217966943118,0.11830825336960307,-0.10456136228308344
-0.8162415271900145,-0.18530733037653008,0.7023989068938368
1.263965122837355,0.047001988623505464,1.7812170570095955
1.1675579394798852,-0.20005922966277,2.719259895045056
-1.4879302466859126,-0.09580788144796665,-0.6745168845061116
-1.767443916379215,0.2695756453369883,1.0810592385826356
-1.0279846202694443,-0.36558255795836847,-1.1892707829474527
0.2542385185134566,0.0376729208087783,2.0631783791339857
1.1075257925506274,0.34406470128783134,3.6967160583332195
-0.06121008603302431,-0.43252065811487067,-0.4004349091745235
-1.0064421417602878,-0.020988004755911463,-0.5623628960619512
-0.5743751979451465,0.09199409987026402,1.8545805783424893
-0.7027160984398048,0.0998234798738294,-2.0071200924351773
1.2321974631956634,0.17794862963943325,2.4848912081829435
-0.6472510760037019,-0.44185415842359516,-1.3141933298334192
1.1375636254623795,0.32148467776272355,3.078223878108239
-0.05597452263992956,0.08737645421976889,3.2499298993870283
0.5803028416040997,-0.08543734191562596,1.2207133091920797
-0.3029447198065228,0.04019941788753488,1.2451947626314146
0.3107784084830995,0.29152456486975953,2.5017756566269886
-1.0921627225020782,-0.08490285305825598,-0.09515101952611901
1.059326882875595,-0.035928827460088034,2.8643312903415055
0.9738431672017979,0.35063929192892873,2.805598297760592
-0.7151232634928594,-0.1285062612497628,0.2767579275483007
-0.22070428339589446,-0.17164495375141622,-0.28934075049927804
-0.5639381980899963,-0.19950581307436488,-0.11158263064706067
0.8545827240078635,-0.27987387210266224,0.478027708719139
-0.04874308486376974,0.19642100771266666,1.151414455066669
-2.1453190395514294,-0.15101375661840166,-0.6227591218525526
-0.04454927482976387,0.27327314936410263,1.3534028448031892
-0.610228378838516,0.2243386934856421,-0.03301510713171951
-0.1795048987731518,-0.03293771649591957,1.7747976334309756
-0.04752745510378543,0.2710110294903087,0.7409240101617245
-0.7278099387885204,-0.44221754550480796,-0.5696203274574272
0.9192106155382965,0.09928419921325908,3.226778425882572
1.1730332899002687,-0.274191801417503,0.821148038045215
0.7863613756772824,-0.10041658794697012,2.6046824015245438
0.22012566515280885,-0.32337130653345497,0.4165793939130589
-1.0080522818124154,-0.08333031108891828,-0.9955082576187377
2.351356727372319,-0.42046968101257964,2.439463488978977
0.833990574954807,-0.2698263053452375,2.562873618209786
-0.9621185226212845,-0.107570271226451,-0.4074436391962917
0.877278544249799,0.0979456396823391,1.3769946281895147
0.6693055071191106,-0.020665696415081047,1.991649703310079
1.1027525674520826,0.4402772636138922,1.5376797471971446
-0.6620999374789992,-0.24181426738580003,1.2881019064239814
1.1181265229971555,0.31578226141623406,2.738366969776167
0.17135266556875722,0.016700009525138768,2.342381069370381
1.6382042526891556,-0.2887078299309122,0.12160636782493173
0.25228769770038156,-0.014638706766952836,2.2779585287800996
1.5091736654039085,-0.18983620385316993,1.8047945354244164
1.122599052284104,0.06312622319621448,2.961236159863591
0.522052792071079,0.12148802304268205,3.2852104839909515
1.23146071647684,0.3599503235702102,3.4763315241964605
-0.1194378710666826,0.1881611517545392,0.14813260903158776
-0.13923343490156076,-0.029650917337436185,0.4318108781609237
-0.7035711334091052,-0.07759981295444403,0.12103710485534012
-1.1207447648990274,0.1549028781004167,-0.7060834292595435
-0.986677367706418,-0.22565483001740613,-1.0706371903568208
0.474363584182113,-0.15076404181235611,1.6495064434509565
0.24460679179570857,-0.39173713637803803,-1.0995433714605558
0.4438077857217451,-0.5331501249441406,-0.6868209904054238
0.2540271442498375,0.10475984191350154,1.6494757234198336
0.19467915982446657,0.5797770043206218,2.3907225478288536
0.07697514225372265,-0.13301711014997933,0.5406787493335546
-1.0137770404167383,-0.01723219967237282,0.4964911474680217
0.3414447666547521,-0.2962271374532494,0.6308861941771972
-0.5264015474935896,-0.0600888723361117,-0.3299030479795029
-2.171424046355995,-0.06208294564741467,-1.6174198275424798
-1.8938474658497275,0.059746931477451706,-0.6310357501966741
0.06007474754998918,0.11126102033209928,2.349718640999308
0.4296077903907616,-0.11522507466231997,2.2856993697495285
-1.6144920227728146,0.18692691835274577,-1.525031136130718
-0.41972139662632896,0.2690631439176644,0.11623736343159807
1.1339306927598123,0.11101230372623896,3.3439313420602272
-0.5149384219535611,-0.04324671345182644,0.10807609656408296
0.42404044037324756,0.03546863724751683,-0.6088320925165347
-0.1708921145530423,-0.2971797628923784,-1.0314084621929125
0.8126668150442689,-0.28470191563504565,-0.35655380378179813
0.03069526745257144,0.12145200823502862,1.908187836330701
0.6559058343692308,-0.17908432851889416,-0.5179926980255971
0.6067013955332599,0.024619826894752058,2.7886014627161053
-0.42781864793839997,0.0748441960474998,1.1583880243885731
-0.1202782917929169,0.21395404756452785,0.3992414209440087
0.18445297193901927,0.18156353597536917,2.0636012402110304
0.14950140476960772,-0.21711353256963883,0.8168924572297228
-0.3028559242950633,-0.035199013075168366,0.7169185416344268
-0.6214737061183843,-0.10696610181002204,-0.827031491135359
1.4308220284945046,0.062288468404028824,2.5483178763793655
0.557706130157001,0.18919127620897097,1.9977754065312248
0.03985752408875327,-0.016513448394456065,-1.056121609507601
-1.2148021178104549,-0.23733536479137737,-0.15313711008795095
-1.0097617036139492,-0.20017564649813618,-1.9214459090598868
-0.864357601268514,0.029338768678463224,1.7931555388671885
0.935065826174634,0.34955911905383025,2.0751285031189535
1.5419622902554408,0.184339686383096,3.0043205664449135
0.3798546363904476,0.2886537324723605,0.3559875471961522
-0.3609491643662832,-0.001732130319956871,-0.05667667966869616
-0.5470390213753932,-0.2731176420661515,0.36379511963023314
0.26575716646522257,0.39042144314453736,3.48030758134453
0.4568867079355373,0.030272307393514677,1.5357809961123179
-0.45084203661587846,-0.04153989758014359,1.0257544865695394
-1.246790065464594,-0.0926816295440809,-1.31194725372706
-0.6367724504868963,-0.07326347401159787,-1.7407309081108981
0.870894280316459,0.3173704735658,2.037550157134939
-0.7444290978497924,0.03972148745141293,0.2814800003682012
0.032572038620216216,-0.07477806965092997,0.7857077362617202
0.40967237986904875,-0.050123206441151105,0.46479576290312463
-0.578524377127504,-0.21475673475803864,-0.5428055688464877
-0.30324055699797076,-0.09001206903051481,0.09899301317306519
-0.37139001448663206,0.03586702295695023,0.7071052389310654
-1.5558220636447198,-0.16958223048554588,-1.0676225747737478
1.2668660703842909,-0.156480887247936,2.413681564118703
0.6895533411550143,0.4621751710484119,3.87918223012848
-0.38096746020251065,0.10754664206497735,0.07354197287452002
-0.36594725303144576,0.04195448175396061,0.3120248674970866
0.03265311812295748,0.2805647980065899,1.4117835767810665
-0.8966357881140227,0.08150340041508894,-1.157022105525059
-0.6807522959218195,-0.341851928238571,-1.2187289641974508
1.4736168779428434,-0.2522744510634702,2.6517408126121373
0.0002533097270013066,0.031854622166859185,0.282815261976488
-0.7991501628028251,0.07117544783051254,0.7500065282713468
0.6424773156672201,-0.29043560889405956,2.2983834803703336
-0.9115074693627709,0.13505447696633183,-0.4007638156183869
0.06810742522148791,0.3782532589315952,1.842809285350434
-2.2170387566802585,0.08395406268514807,-0.17591885016924091
